{
    "version": "0.4",
    "title": "404",
    "type": "page",
    "metadata": {
        "template_type": "single-page",
        "include_in_zip": "1",
        "elementor_pro_required": null,
        "wp_page_template": "elementor_header_footer"
    },
    "content": [
        {
            "id": "6d83a801",
            "settings": {
                "structure": "30",
                "padding": {
                    "unit": "px",
                    "top": "250",
                    "right": "0",
                    "bottom": "0",
                    "left": "0",
                    "isLinked": false
                }
            },
            "elements": [
                {
                    "id": "260713dc",
                    "settings": {
                        "_column_size": 33,
                        "_inline_size": null
                    },
                    "elements": [
                        {
                            "id": "178b09b3",
                            "settings": {
                                "image": {
                                    "url": "http:\/\/kit.nirmanavisual.com\/skatecourse\/wp-content\/uploads\/sites\/26\/2023\/07\/4.png",
                                    "id": 324,
                                    "alt": "",
                                    "source": "library"
                                },
                                "_animation": "fadeInLeft"
                            },
                            "elements": [],
                            "isInner": false,
                            "widgetType": "image",
                            "elType": "widget"
                        }
                    ],
                    "isInner": false,
                    "elType": "column"
                },
                {
                    "id": "5355757f",
                    "settings": {
                        "_column_size": 33,
                        "_inline_size": null
                    },
                    "elements": [
                        {
                            "id": "38840b16",
                            "settings": {
                                "image": {
                                    "url": "http:\/\/kit.nirmanavisual.com\/skatecourse\/wp-content\/uploads\/sites\/26\/2023\/07\/Protective-Helmet-1.png",
                                    "id": 325,
                                    "alt": "",
                                    "source": "library"
                                },
                                "_animation": "fadeInUp"
                            },
                            "elements": [],
                            "isInner": false,
                            "widgetType": "image",
                            "elType": "widget"
                        }
                    ],
                    "isInner": false,
                    "elType": "column"
                },
                {
                    "id": "250186d3",
                    "settings": {
                        "_column_size": 33,
                        "_inline_size": null
                    },
                    "elements": [
                        {
                            "id": "72fea2e5",
                            "settings": {
                                "image": {
                                    "url": "http:\/\/kit.nirmanavisual.com\/skatecourse\/wp-content\/uploads\/sites\/26\/2023\/07\/4.png",
                                    "id": 324,
                                    "alt": "",
                                    "source": "library"
                                },
                                "_animation": "fadeInRight"
                            },
                            "elements": [],
                            "isInner": false,
                            "widgetType": "image",
                            "elType": "widget"
                        }
                    ],
                    "isInner": false,
                    "elType": "column"
                }
            ],
            "isInner": false,
            "elType": "section"
        },
        {
            "id": "5ac63339",
            "settings": [],
            "elements": [
                {
                    "id": "2f1c7d25",
                    "settings": {
                        "_column_size": 100,
                        "_inline_size": null
                    },
                    "elements": [
                        {
                            "id": "32409cfd",
                            "settings": {
                                "title": "Page Not Found",
                                "align": "center",
                                "_animation": "fadeInUp",
                                "__globals__": {
                                    "title_color": "globals\/colors?id=text",
                                    "typography_typography": "globals\/typography?id=primary"
                                }
                            },
                            "elements": [],
                            "isInner": false,
                            "widgetType": "heading",
                            "elType": "widget"
                        }
                    ],
                    "isInner": false,
                    "elType": "column"
                }
            ],
            "isInner": false,
            "elType": "section"
        },
        {
            "id": "6abedaa7",
            "settings": {
                "padding": {
                    "unit": "px",
                    "top": "0",
                    "right": "0",
                    "bottom": "150",
                    "left": "0",
                    "isLinked": false
                }
            },
            "elements": [
                {
                    "id": "7d994a5",
                    "settings": {
                        "_column_size": 100,
                        "_inline_size": null
                    },
                    "elements": [
                        {
                            "id": "4fad22fa",
                            "settings": {
                                "text": "back to home",
                                "align": "center",
                                "_animation": "fadeInUp"
                            },
                            "elements": [],
                            "isInner": false,
                            "widgetType": "button",
                            "elType": "widget"
                        }
                    ],
                    "isInner": false,
                    "elType": "column"
                }
            ],
            "isInner": false,
            "elType": "section"
        }
    ]
}