{
    "version": "0.4",
    "title": "About",
    "type": "page",
    "metadata": {
        "template_type": "single-page",
        "include_in_zip": "1",
        "elementor_pro_required": null,
        "wp_page_template": "elementor_header_footer"
    },
    "content": [
        {
            "id": "7d826f09",
            "settings": {
                "padding": {
                    "unit": "px",
                    "top": "075",
                    "right": "0",
                    "bottom": "075",
                    "left": "0",
                    "isLinked": false
                }
            },
            "elements": [
                {
                    "id": "5a4ccd2f",
                    "settings": {
                        "_column_size": 100,
                        "_inline_size": null
                    },
                    "elements": [
                        {
                            "id": "40afcf9c",
                            "settings": {
                                "title": "About Us",
                                "align": "center",
                                "_margin": {
                                    "unit": "px",
                                    "top": "0",
                                    "right": "0",
                                    "bottom": "0",
                                    "left": "0",
                                    "isLinked": false
                                },
                                "__globals__": {
                                    "title_color": "globals\/colors?id=text",
                                    "typography_typography": "globals\/typography?id=primary"
                                },
                                "_animation": "fadeInUp"
                            },
                            "elements": [],
                            "isInner": false,
                            "widgetType": "heading",
                            "elType": "widget"
                        },
                        {
                            "id": "6b2a675",
                            "settings": {
                                "editor": "We provide inovative solution for your hobby needs.",
                                "_element_custom_width": {
                                    "unit": "%",
                                    "size": 100,
                                    "sizes": []
                                },
                                "align_mobile": "center",
                                "__globals__": {
                                    "typography_typography": "globals\/typography?id=text",
                                    "text_color": "globals\/colors?id=primary"
                                },
                                "align": "center",
                                "typography_typography": "custom",
                                "typography_font_family": "Roboto",
                                "typography_font_size": {
                                    "unit": "px",
                                    "size": 15,
                                    "sizes": []
                                },
                                "typography_font_weight": "300",
                                "typography_text_transform": "none",
                                "typography_line_height": {
                                    "unit": "px",
                                    "size": 24,
                                    "sizes": []
                                },
                                "_animation": "fadeInUp"
                            },
                            "elements": [],
                            "isInner": false,
                            "widgetType": "text-editor",
                            "elType": "widget"
                        }
                    ],
                    "isInner": false,
                    "elType": "column"
                }
            ],
            "isInner": false,
            "elType": "section"
        },
        {
            "id": "2951ff69",
            "settings": {
                "structure": "20"
            },
            "elements": [
                {
                    "id": "1ab4b3bd",
                    "settings": {
                        "_column_size": 50,
                        "_inline_size": 44.823,
                        "content_position": "center"
                    },
                    "elements": [
                        {
                            "id": "725e48c9",
                            "settings": [],
                            "elements": [
                                {
                                    "id": "2fc51b91",
                                    "settings": {
                                        "_column_size": 100,
                                        "_inline_size": null
                                    },
                                    "elements": [
                                        {
                                            "id": "1402e88d",
                                            "settings": {
                                                "title": "professional skateboard coaching",
                                                "__globals__": {
                                                    "typography_typography": "globals\/typography?id=8db623a",
                                                    "title_color": "globals\/colors?id=primary"
                                                },
                                                "align_mobile": "center",
                                                "_animation": "fadeInLeft"
                                            },
                                            "elements": [],
                                            "isInner": false,
                                            "widgetType": "heading",
                                            "elType": "widget"
                                        },
                                        {
                                            "id": "3e9d5b7f",
                                            "settings": {
                                                "editor": "Lorem ipsum dolor sit amet consectetur. Commodo egestas condimentum morbi  . Non et enim egestas in justo.",
                                                "_element_custom_width": {
                                                    "unit": "%",
                                                    "size": 100,
                                                    "sizes": []
                                                },
                                                "align_mobile": "center",
                                                "__globals__": {
                                                    "typography_typography": "globals\/typography?id=text",
                                                    "text_color": "globals\/colors?id=text"
                                                },
                                                "_animation": "fadeInLeft"
                                            },
                                            "elements": [],
                                            "isInner": false,
                                            "widgetType": "text-editor",
                                            "elType": "widget"
                                        },
                                        {
                                            "id": "579d8d51",
                                            "settings": {
                                                "selected_icon": {
                                                    "value": "fas fa-skating",
                                                    "library": "fa-solid"
                                                },
                                                "view": "framed",
                                                "title_text": "Our Vision",
                                                "description_text": "Lorem ipsum dolor sit amet, consectetur adipiscing elit. Ut elit tellus, luctus nec.",
                                                "position": "left",
                                                "icon_space": {
                                                    "unit": "px",
                                                    "size": 21,
                                                    "sizes": []
                                                },
                                                "icon_size": {
                                                    "unit": "px",
                                                    "size": 26,
                                                    "sizes": []
                                                },
                                                "border_width": {
                                                    "unit": "px",
                                                    "top": "1",
                                                    "right": "1",
                                                    "bottom": "1",
                                                    "left": "1",
                                                    "isLinked": true
                                                },
                                                "title_bottom_space": {
                                                    "unit": "px",
                                                    "size": 2,
                                                    "sizes": []
                                                },
                                                "__globals__": {
                                                    "primary_color": "globals\/colors?id=primary",
                                                    "secondary_color": "globals\/colors?id=secondary",
                                                    "title_color": "globals\/colors?id=primary",
                                                    "title_typography_typography": "globals\/typography?id=6b76955",
                                                    "description_color": "globals\/colors?id=2e0aaa6",
                                                    "description_typography_typography": "globals\/typography?id=text"
                                                },
                                                "_animation": "fadeInUp"
                                            },
                                            "elements": [],
                                            "isInner": false,
                                            "widgetType": "icon-box",
                                            "elType": "widget"
                                        },
                                        {
                                            "id": "46973762",
                                            "settings": {
                                                "selected_icon": {
                                                    "value": "fas fa-skating",
                                                    "library": "fa-solid"
                                                },
                                                "view": "stacked",
                                                "title_text": "Our Mission",
                                                "description_text": "Lorem ipsum dolor sit amet, consectetur adipiscing elit. Ut elit tellus, luctus nec.",
                                                "position": "left",
                                                "icon_space": {
                                                    "unit": "px",
                                                    "size": 21,
                                                    "sizes": []
                                                },
                                                "icon_size": {
                                                    "unit": "px",
                                                    "size": 26,
                                                    "sizes": []
                                                },
                                                "title_bottom_space": {
                                                    "unit": "px",
                                                    "size": 2,
                                                    "sizes": []
                                                },
                                                "__globals__": {
                                                    "primary_color": "globals\/colors?id=primary",
                                                    "secondary_color": "globals\/colors?id=secondary",
                                                    "title_color": "globals\/colors?id=primary",
                                                    "title_typography_typography": "globals\/typography?id=6b76955",
                                                    "description_color": "globals\/colors?id=2e0aaa6",
                                                    "description_typography_typography": "globals\/typography?id=text"
                                                },
                                                "_animation": "fadeInUp"
                                            },
                                            "elements": [],
                                            "isInner": false,
                                            "widgetType": "icon-box",
                                            "elType": "widget"
                                        }
                                    ],
                                    "isInner": true,
                                    "elType": "column"
                                }
                            ],
                            "isInner": true,
                            "elType": "section"
                        },
                        {
                            "id": "4c868ee",
                            "settings": {
                                "_title": "Inner Section"
                            },
                            "elements": [
                                {
                                    "id": "57524327",
                                    "settings": {
                                        "_column_size": 100,
                                        "_inline_size": null,
                                        "content_position": "center"
                                    },
                                    "elements": [
                                        {
                                            "id": "3b0fb4ea",
                                            "settings": {
                                                "text": "See our service",
                                                "align": "left",
                                                "__globals__": {
                                                    "button_text_color": "",
                                                    "background_color": ""
                                                },
                                                "align_mobile": "center",
                                                "_margin": {
                                                    "unit": "px",
                                                    "top": "29",
                                                    "right": "0",
                                                    "bottom": "0",
                                                    "left": "0",
                                                    "isLinked": false
                                                },
                                                "_animation": "fadeInUp"
                                            },
                                            "elements": [],
                                            "isInner": false,
                                            "widgetType": "button",
                                            "elType": "widget"
                                        }
                                    ],
                                    "isInner": true,
                                    "elType": "column"
                                }
                            ],
                            "isInner": true,
                            "elType": "section"
                        }
                    ],
                    "isInner": false,
                    "elType": "column"
                },
                {
                    "id": "1b10ca14",
                    "settings": {
                        "_column_size": 50,
                        "_inline_size": 55.177,
                        "background_background": "classic",
                        "background_image": {
                            "url": "http:\/\/kit.nirmanavisual.com\/skatecourse\/wp-content\/uploads\/sites\/26\/2023\/07\/Frame-About-.png",
                            "id": 708,
                            "alt": "",
                            "source": "library"
                        },
                        "background_position": "center center",
                        "background_repeat": "no-repeat",
                        "background_size": "initial",
                        "background_bg_width": {
                            "unit": "%",
                            "size": 79,
                            "sizes": []
                        },
                        "z_index": 1
                    },
                    "elements": [
                        {
                            "id": "4e8ae2d0",
                            "settings": [],
                            "elements": [
                                {
                                    "id": "707971df",
                                    "settings": {
                                        "_column_size": 100,
                                        "_inline_size": null
                                    },
                                    "elements": [
                                        {
                                            "id": "d5565ed",
                                            "settings": {
                                                "image": {
                                                    "url": "http:\/\/kit.nirmanavisual.com\/skatecourse\/wp-content\/uploads\/sites\/26\/2023\/08\/Smiling-boy-with-red-headphones-standing-and-holding-skateboard.png",
                                                    "id": 1105,
                                                    "alt": "",
                                                    "source": "library"
                                                },
                                                "width": {
                                                    "unit": "%",
                                                    "size": 58,
                                                    "sizes": []
                                                },
                                                "_z_index": 1,
                                                "_background_background": "classic",
                                                "_background_image": {
                                                    "url": "",
                                                    "id": "",
                                                    "alt": "",
                                                    "source": "library"
                                                },
                                                "_background_position": "center center",
                                                "_background_repeat": "no-repeat",
                                                "_background_size": "initial",
                                                "_background_bg_width": {
                                                    "unit": "%",
                                                    "size": 44,
                                                    "sizes": []
                                                },
                                                "_animation": "fadeInUp"
                                            },
                                            "elements": [],
                                            "isInner": false,
                                            "widgetType": "image",
                                            "elType": "widget"
                                        },
                                        {
                                            "id": "7d79ec5f",
                                            "settings": {
                                                "suffix": "+",
                                                "title": "Active Student",
                                                "number_color": "#B8E144",
                                                "typography_number_typography": "custom",
                                                "typography_number_font_family": "Dela Gothic One",
                                                "typography_number_font_size": {
                                                    "unit": "px",
                                                    "size": 32,
                                                    "sizes": []
                                                },
                                                "typography_number_font_weight": "500",
                                                "typography_number_line_height": {
                                                    "unit": "px",
                                                    "size": 36,
                                                    "sizes": []
                                                },
                                                "typography_number_word_spacing": {
                                                    "unit": "em",
                                                    "size": "",
                                                    "sizes": []
                                                },
                                                "title_color": "#FFFFFF",
                                                "_padding": {
                                                    "unit": "px",
                                                    "top": "10",
                                                    "right": "10",
                                                    "bottom": "10",
                                                    "left": "10",
                                                    "isLinked": true
                                                },
                                                "_element_width": "auto",
                                                "_position": "absolute",
                                                "_offset_x": {
                                                    "unit": "px",
                                                    "size": 503,
                                                    "sizes": []
                                                },
                                                "_offset_y": {
                                                    "unit": "px",
                                                    "size": 455,
                                                    "sizes": []
                                                },
                                                "_background_background": "classic",
                                                "_border_border": "solid",
                                                "_border_width": {
                                                    "unit": "px",
                                                    "top": "1",
                                                    "right": "1",
                                                    "bottom": "1",
                                                    "left": "1",
                                                    "isLinked": true
                                                },
                                                "_border_color": "#DEDEDE",
                                                "_border_radius": {
                                                    "unit": "px",
                                                    "top": "12",
                                                    "right": "12",
                                                    "bottom": "12",
                                                    "left": "12",
                                                    "isLinked": true
                                                },
                                                "__globals__": {
                                                    "_border_color": "globals\/colors?id=2e0aaa6",
                                                    "_background_color": "globals\/colors?id=840958e",
                                                    "typography_number_typography": "globals\/typography?id=8db623a",
                                                    "typography_title_typography": "globals\/typography?id=f6acd0c",
                                                    "title_color": "globals\/colors?id=text",
                                                    "number_color": "globals\/colors?id=primary"
                                                },
                                                "_offset_x_widescreen": {
                                                    "size": -29
                                                },
                                                "_offset_y_widescreen": {
                                                    "size": 357
                                                },
                                                "exad_enable_glass_effect": "yes",
                                                "exad_glass_effect_blur_value": 5,
                                                "typography_title_typography": "custom",
                                                "typography_title_font_family": "Roboto",
                                                "typography_title_font_size": {
                                                    "unit": "px",
                                                    "size": 11,
                                                    "sizes": []
                                                },
                                                "typography_title_line_height": {
                                                    "unit": "em",
                                                    "size": "",
                                                    "sizes": []
                                                },
                                                "typography_title_word_spacing": {
                                                    "unit": "em",
                                                    "size": "",
                                                    "sizes": []
                                                },
                                                "_animation": "fadeInRight"
                                            },
                                            "elements": [],
                                            "isInner": false,
                                            "widgetType": "counter",
                                            "elType": "widget"
                                        },
                                        {
                                            "id": "67c7776a",
                                            "settings": {
                                                "suffix": "+",
                                                "title": "Year Experience",
                                                "number_color": "#B8E144",
                                                "typography_number_typography": "custom",
                                                "typography_number_font_family": "Dela Gothic One",
                                                "typography_number_font_size": {
                                                    "unit": "px",
                                                    "size": 32,
                                                    "sizes": []
                                                },
                                                "typography_number_font_weight": "500",
                                                "typography_number_line_height": {
                                                    "unit": "px",
                                                    "size": 36,
                                                    "sizes": []
                                                },
                                                "typography_number_word_spacing": {
                                                    "unit": "em",
                                                    "size": "",
                                                    "sizes": []
                                                },
                                                "title_color": "#FFFFFF",
                                                "_padding": {
                                                    "unit": "px",
                                                    "top": "10",
                                                    "right": "10",
                                                    "bottom": "10",
                                                    "left": "10",
                                                    "isLinked": true
                                                },
                                                "_element_width": "auto",
                                                "_position": "absolute",
                                                "_offset_x": {
                                                    "unit": "px",
                                                    "size": 10,
                                                    "sizes": []
                                                },
                                                "_offset_y": {
                                                    "unit": "px",
                                                    "size": 262,
                                                    "sizes": []
                                                },
                                                "_background_background": "classic",
                                                "_border_border": "solid",
                                                "_border_width": {
                                                    "unit": "px",
                                                    "top": "1",
                                                    "right": "1",
                                                    "bottom": "1",
                                                    "left": "1",
                                                    "isLinked": true
                                                },
                                                "_border_color": "#DEDEDE",
                                                "_border_radius": {
                                                    "unit": "px",
                                                    "top": "12",
                                                    "right": "12",
                                                    "bottom": "12",
                                                    "left": "12",
                                                    "isLinked": true
                                                },
                                                "__globals__": {
                                                    "_border_color": "globals\/colors?id=2e0aaa6",
                                                    "_background_color": "globals\/colors?id=840958e",
                                                    "typography_number_typography": "globals\/typography?id=8db623a",
                                                    "typography_title_typography": "globals\/typography?id=f6acd0c",
                                                    "title_color": "globals\/colors?id=text",
                                                    "number_color": "globals\/colors?id=primary"
                                                },
                                                "_offset_x_widescreen": {
                                                    "size": -29
                                                },
                                                "_offset_y_widescreen": {
                                                    "size": 357
                                                },
                                                "exad_enable_glass_effect": "yes",
                                                "exad_glass_effect_blur_value": 5,
                                                "typography_title_typography": "custom",
                                                "typography_title_font_family": "Roboto",
                                                "typography_title_font_size": {
                                                    "unit": "px",
                                                    "size": 11,
                                                    "sizes": []
                                                },
                                                "typography_title_line_height": {
                                                    "unit": "em",
                                                    "size": "",
                                                    "sizes": []
                                                },
                                                "typography_title_word_spacing": {
                                                    "unit": "em",
                                                    "size": "",
                                                    "sizes": []
                                                },
                                                "ending_number": 27,
                                                "_offset_y_mobile": {
                                                    "unit": "px",
                                                    "size": 175,
                                                    "sizes": []
                                                },
                                                "_animation": "fadeInLeft"
                                            },
                                            "elements": [],
                                            "isInner": false,
                                            "widgetType": "counter",
                                            "elType": "widget"
                                        }
                                    ],
                                    "isInner": true,
                                    "elType": "column"
                                }
                            ],
                            "isInner": true,
                            "elType": "section"
                        },
                        {
                            "id": "57053701",
                            "settings": {
                                "padding": {
                                    "unit": "px",
                                    "top": "0",
                                    "right": "080",
                                    "bottom": "0",
                                    "left": "080",
                                    "isLinked": false
                                },
                                "margin": {
                                    "unit": "px",
                                    "top": "-35",
                                    "right": 0,
                                    "bottom": "0",
                                    "left": 0,
                                    "isLinked": false
                                }
                            },
                            "elements": [
                                {
                                    "id": "4a341956",
                                    "settings": {
                                        "_column_size": 100,
                                        "_inline_size": null,
                                        "animation": "fadeInUp"
                                    },
                                    "elements": [
                                        {
                                            "id": "6fb77a70",
                                            "settings": {
                                                "title": "Learn From<br>The Expert",
                                                "__globals__": {
                                                    "typography_typography": "globals\/typography?id=8db623a",
                                                    "title_color": "globals\/colors?id=primary"
                                                },
                                                "align_mobile": "center"
                                            },
                                            "elements": [],
                                            "isInner": false,
                                            "widgetType": "heading",
                                            "elType": "widget"
                                        },
                                        {
                                            "id": "10bfd196",
                                            "settings": {
                                                "editor": "<p>Lorem ipsum dolor sit amet, consectetur adipiscing elit. Ut elit tellus, luctus nec.<\/p>",
                                                "_element_custom_width": {
                                                    "unit": "%",
                                                    "size": 100,
                                                    "sizes": []
                                                },
                                                "align_mobile": "center",
                                                "__globals__": {
                                                    "text_color": "globals\/colors?id=text",
                                                    "typography_typography": "globals\/typography?id=text"
                                                }
                                            },
                                            "elements": [],
                                            "isInner": false,
                                            "widgetType": "text-editor",
                                            "elType": "widget"
                                        }
                                    ],
                                    "isInner": true,
                                    "elType": "column"
                                }
                            ],
                            "isInner": true,
                            "elType": "section"
                        }
                    ],
                    "isInner": false,
                    "elType": "column"
                }
            ],
            "isInner": false,
            "elType": "section"
        },
        {
            "id": "227d163",
            "settings": {
                "background_background": "classic",
                "background_image": {
                    "url": "",
                    "id": "",
                    "alt": "",
                    "source": "library"
                },
                "background_position": "center center",
                "background_repeat": "no-repeat",
                "shape_divider_top_width": {
                    "unit": "%",
                    "size": 152,
                    "sizes": []
                },
                "shape_divider_top_height": {
                    "unit": "px",
                    "size": 151,
                    "sizes": []
                },
                "padding": {
                    "unit": "px",
                    "top": "075",
                    "right": "0",
                    "bottom": "075",
                    "left": "0",
                    "isLinked": false
                },
                "__globals__": {
                    "shape_divider_top_color": "globals\/colors?id=primary"
                },
                "shape_divider_top_flip": "yes"
            },
            "elements": [
                {
                    "id": "401e4a37",
                    "settings": {
                        "_column_size": 100,
                        "_inline_size": null,
                        "background_background": "classic",
                        "background_image": {
                            "url": "",
                            "id": "",
                            "alt": "",
                            "source": "library"
                        },
                        "background_position": "initial",
                        "background_ypos": {
                            "unit": "px",
                            "size": 109,
                            "sizes": []
                        },
                        "background_repeat": "no-repeat",
                        "background_size": "initial",
                        "margin": {
                            "unit": "px",
                            "top": "0",
                            "right": "0",
                            "bottom": "0",
                            "left": "0",
                            "isLinked": false
                        }
                    },
                    "elements": [
                        {
                            "id": "73393f2e",
                            "settings": {
                                "title": "our expert<br>instructors ",
                                "align": "center",
                                "_margin": {
                                    "unit": "px",
                                    "top": "0",
                                    "right": "0",
                                    "bottom": "0",
                                    "left": "0",
                                    "isLinked": false
                                },
                                "__globals__": {
                                    "title_color": "globals\/colors?id=text",
                                    "typography_typography": "globals\/typography?id=primary"
                                },
                                "_animation": "fadeInUp"
                            },
                            "elements": [],
                            "isInner": false,
                            "widgetType": "heading",
                            "elType": "widget"
                        },
                        {
                            "id": "70ebcde9",
                            "settings": {
                                "structure": "30"
                            },
                            "elements": [
                                {
                                    "id": "136e5043",
                                    "settings": {
                                        "_column_size": 33,
                                        "_inline_size": null,
                                        "content_position": "bottom",
                                        "animation": "fadeInLeft"
                                    },
                                    "elements": [
                                        {
                                            "id": "3cd187cf",
                                            "settings": {
                                                "image": {
                                                    "url": "http:\/\/kit.nirmanavisual.com\/skatecourse\/wp-content\/uploads\/sites\/26\/2023\/08\/Cheerful-young-man-with-skateboard.png",
                                                    "id": 1156,
                                                    "alt": "",
                                                    "source": "library"
                                                },
                                                "title_text": "Diana<br>Stemfert",
                                                "description_text": "Lorem ipsum dolor sit amet<br>consectetur. Volutpat odio tellus<br> Volutpat odio tellus neque arcu",
                                                "image_space": {
                                                    "unit": "px",
                                                    "size": 0,
                                                    "sizes": []
                                                },
                                                "image_size": {
                                                    "unit": "%",
                                                    "size": 48,
                                                    "sizes": []
                                                },
                                                "__globals__": {
                                                    "title_color": "globals\/colors?id=primary",
                                                    "description_color": "globals\/colors?id=text",
                                                    "title_typography_typography": "globals\/typography?id=8db623a",
                                                    "description_typography_typography": "globals\/typography?id=text"
                                                }
                                            },
                                            "elements": [],
                                            "isInner": false,
                                            "widgetType": "image-box",
                                            "elType": "widget"
                                        }
                                    ],
                                    "isInner": true,
                                    "elType": "column"
                                },
                                {
                                    "id": "42ac4c3e",
                                    "settings": {
                                        "_column_size": 33,
                                        "_inline_size": null,
                                        "content_position": "bottom",
                                        "margin": {
                                            "unit": "px",
                                            "top": "0",
                                            "right": "00",
                                            "bottom": "0",
                                            "left": "0",
                                            "isLinked": false
                                        },
                                        "animation": "fadeInUp"
                                    },
                                    "elements": [
                                        {
                                            "id": "39a303c8",
                                            "settings": {
                                                "image": {
                                                    "url": "http:\/\/kit.nirmanavisual.com\/skatecourse\/wp-content\/uploads\/sites\/26\/2023\/07\/Enjoy-all-the-benefits-of-an-Envato-Elements-subscription..png",
                                                    "id": 281,
                                                    "alt": "",
                                                    "source": "library"
                                                },
                                                "title_text": "Robert<br>Gibson",
                                                "description_text": "Lorem ipsum dolor sit amet<br>consectetur. Volutpat odio tellus<br> Volutpat odio tellus neque arcu",
                                                "image_space": {
                                                    "unit": "px",
                                                    "size": 0,
                                                    "sizes": []
                                                },
                                                "image_size": {
                                                    "unit": "%",
                                                    "size": 65,
                                                    "sizes": []
                                                },
                                                "__globals__": {
                                                    "title_color": "globals\/colors?id=text",
                                                    "description_color": "globals\/colors?id=text",
                                                    "title_typography_typography": "globals\/typography?id=8db623a",
                                                    "description_typography_typography": "globals\/typography?id=text"
                                                }
                                            },
                                            "elements": [],
                                            "isInner": false,
                                            "widgetType": "image-box",
                                            "elType": "widget"
                                        }
                                    ],
                                    "isInner": true,
                                    "elType": "column"
                                },
                                {
                                    "id": "405866b2",
                                    "settings": {
                                        "_column_size": 33,
                                        "_inline_size": null,
                                        "content_position": "bottom",
                                        "margin": {
                                            "unit": "px",
                                            "top": "0",
                                            "right": "00",
                                            "bottom": "0",
                                            "left": "0",
                                            "isLinked": false
                                        },
                                        "animation": "fadeInRight"
                                    },
                                    "elements": [
                                        {
                                            "id": "43aec60c",
                                            "settings": {
                                                "image": {
                                                    "url": "http:\/\/kit.nirmanavisual.com\/skatecourse\/wp-content\/uploads\/sites\/26\/2023\/07\/Young-skateboarder-at-skate-park-indoor.png",
                                                    "id": 282,
                                                    "alt": "",
                                                    "source": "library"
                                                },
                                                "title_text": "Indra<br>Scoope",
                                                "description_text": "Lorem ipsum dolor sit amet<br>consectetur. Volutpat odio tellus<br> Volutpat odio tellus neque arcu",
                                                "image_space": {
                                                    "unit": "px",
                                                    "size": 0,
                                                    "sizes": []
                                                },
                                                "image_size": {
                                                    "unit": "%",
                                                    "size": 65,
                                                    "sizes": []
                                                },
                                                "__globals__": {
                                                    "title_color": "globals\/colors?id=text",
                                                    "description_color": "globals\/colors?id=text",
                                                    "description_typography_typography": "globals\/typography?id=text",
                                                    "title_typography_typography": "globals\/typography?id=8db623a"
                                                }
                                            },
                                            "elements": [],
                                            "isInner": false,
                                            "widgetType": "image-box",
                                            "elType": "widget"
                                        }
                                    ],
                                    "isInner": true,
                                    "elType": "column"
                                }
                            ],
                            "isInner": true,
                            "elType": "section"
                        }
                    ],
                    "isInner": false,
                    "elType": "column"
                }
            ],
            "isInner": false,
            "elType": "section"
        },
        {
            "id": "74a6ae5b",
            "settings": {
                "structure": "40",
                "__globals__": {
                    "border_color": "globals\/colors?id=primary",
                    "background_color": "globals\/colors?id=ad74f69"
                },
                "background_background": "classic",
                "padding": {
                    "unit": "px",
                    "top": "050",
                    "right": "0",
                    "bottom": "050",
                    "left": "0",
                    "isLinked": false
                }
            },
            "elements": [
                {
                    "id": "2c9b1b87",
                    "settings": {
                        "_column_size": 25,
                        "_inline_size": null,
                        "animation": "fadeInLeft"
                    },
                    "elements": [
                        {
                            "id": "5b524e95",
                            "settings": {
                                "suffix": "+",
                                "title": "Years Experience",
                                "__globals__": {
                                    "number_color": "globals\/colors?id=primary",
                                    "typography_number_typography": "globals\/typography?id=primary",
                                    "typography_title_typography": "globals\/typography?id=secondary",
                                    "title_color": "globals\/colors?id=text"
                                },
                                "ending_number": 27
                            },
                            "elements": [],
                            "isInner": false,
                            "widgetType": "counter",
                            "elType": "widget"
                        }
                    ],
                    "isInner": false,
                    "elType": "column"
                },
                {
                    "id": "17e8c581",
                    "settings": {
                        "_column_size": 25,
                        "_inline_size": null,
                        "animation": "fadeInUp"
                    },
                    "elements": [
                        {
                            "id": "53e6d60",
                            "settings": {
                                "suffix": "+",
                                "title": "Active Student",
                                "__globals__": {
                                    "number_color": "globals\/colors?id=primary",
                                    "typography_number_typography": "globals\/typography?id=primary",
                                    "typography_title_typography": "globals\/typography?id=secondary",
                                    "title_color": "globals\/colors?id=text"
                                },
                                "ending_number": 399
                            },
                            "elements": [],
                            "isInner": false,
                            "widgetType": "counter",
                            "elType": "widget"
                        }
                    ],
                    "isInner": false,
                    "elType": "column"
                },
                {
                    "id": "68d25805",
                    "settings": {
                        "_column_size": 25,
                        "_inline_size": null,
                        "animation": "fadeInDown"
                    },
                    "elements": [
                        {
                            "id": "1f9742b0",
                            "settings": {
                                "suffix": "+",
                                "title": "Happy Customer",
                                "__globals__": {
                                    "number_color": "globals\/colors?id=primary",
                                    "typography_number_typography": "globals\/typography?id=primary",
                                    "typography_title_typography": "globals\/typography?id=secondary",
                                    "title_color": "globals\/colors?id=text"
                                },
                                "ending_number": 799
                            },
                            "elements": [],
                            "isInner": false,
                            "widgetType": "counter",
                            "elType": "widget"
                        }
                    ],
                    "isInner": false,
                    "elType": "column"
                },
                {
                    "id": "5be64e04",
                    "settings": {
                        "_column_size": 25,
                        "_inline_size": null,
                        "animation": "fadeInRight"
                    },
                    "elements": [
                        {
                            "id": "148b62f8",
                            "settings": {
                                "suffix": "+",
                                "title": "Client Rating",
                                "__globals__": {
                                    "number_color": "globals\/colors?id=primary",
                                    "typography_number_typography": "globals\/typography?id=primary",
                                    "typography_title_typography": "globals\/typography?id=secondary",
                                    "title_color": "globals\/colors?id=text"
                                },
                                "ending_number": 4.9
                            },
                            "elements": [],
                            "isInner": false,
                            "widgetType": "counter",
                            "elType": "widget"
                        }
                    ],
                    "isInner": false,
                    "elType": "column"
                }
            ],
            "isInner": false,
            "elType": "section"
        },
        {
            "id": "7d567029",
            "settings": {
                "margin": {
                    "unit": "px",
                    "top": "0",
                    "right": 0,
                    "bottom": "0",
                    "left": 0,
                    "isLinked": false
                },
                "padding": {
                    "unit": "px",
                    "top": "75",
                    "right": "0",
                    "bottom": "075",
                    "left": "0",
                    "isLinked": false
                }
            },
            "elements": [
                {
                    "id": "7a814954",
                    "settings": {
                        "_column_size": 100,
                        "_inline_size": null
                    },
                    "elements": [
                        {
                            "id": "18d20aa7",
                            "settings": {
                                "structure": "20"
                            },
                            "elements": [
                                {
                                    "id": "598e7190",
                                    "settings": {
                                        "_column_size": 50,
                                        "_inline_size": null,
                                        "animation": "fadeInLeft"
                                    },
                                    "elements": [
                                        {
                                            "id": "387b0ea0",
                                            "settings": {
                                                "title": "Why our<br>Skate",
                                                "align": "left",
                                                "__globals__": {
                                                    "title_color": "globals\/colors?id=text",
                                                    "typography_typography": "globals\/typography?id=primary"
                                                },
                                                "align_mobile": "center"
                                            },
                                            "elements": [],
                                            "isInner": false,
                                            "widgetType": "heading",
                                            "elType": "widget"
                                        },
                                        {
                                            "id": "79502563",
                                            "settings": {
                                                "title": "Course?",
                                                "align": "left",
                                                "align_mobile": "center",
                                                "_margin": {
                                                    "unit": "px",
                                                    "top": "-25",
                                                    "right": "0",
                                                    "bottom": "0",
                                                    "left": "0",
                                                    "isLinked": false
                                                },
                                                "__globals__": {
                                                    "title_color": "globals\/colors?id=primary",
                                                    "typography_typography": "globals\/typography?id=primary"
                                                }
                                            },
                                            "elements": [],
                                            "isInner": false,
                                            "widgetType": "heading",
                                            "elType": "widget"
                                        }
                                    ],
                                    "isInner": true,
                                    "elType": "column"
                                },
                                {
                                    "id": "512464d8",
                                    "settings": {
                                        "_column_size": 50,
                                        "_inline_size": null,
                                        "background_background": "classic",
                                        "border_radius": {
                                            "unit": "px",
                                            "top": "999",
                                            "right": "999",
                                            "bottom": "999",
                                            "left": "999",
                                            "isLinked": true
                                        },
                                        "margin": {
                                            "unit": "px",
                                            "top": "0",
                                            "right": "030",
                                            "bottom": "0",
                                            "left": "0",
                                            "isLinked": false
                                        },
                                        "__globals__": {
                                            "background_color": "globals\/colors?id=primary",
                                            "background_color_b": ""
                                        },
                                        "background_color": "#1A2624",
                                        "background_color_stop": {
                                            "unit": "%",
                                            "size": 65,
                                            "sizes": []
                                        },
                                        "background_color_b": "#040D17",
                                        "animation": "fadeInRight"
                                    },
                                    "elements": [
                                        {
                                            "id": "61f2f9f4",
                                            "settings": {
                                                "image": {
                                                    "url": "http:\/\/kit.nirmanavisual.com\/skatecourse\/wp-content\/uploads\/sites\/26\/2023\/07\/IconC3.png",
                                                    "id": 1022,
                                                    "alt": "",
                                                    "source": "library"
                                                },
                                                "title_text": "Expert Instructors",
                                                "description_text": "Lorem ipsum dolor sit amet<br>consectetur. Volutpat odio tellus<br>neque arcu ac",
                                                "position": "left",
                                                "image_space": {
                                                    "unit": "px",
                                                    "size": 34,
                                                    "sizes": []
                                                },
                                                "image_size": {
                                                    "unit": "%",
                                                    "size": 43,
                                                    "sizes": []
                                                },
                                                "image_border_radius": {
                                                    "unit": "px",
                                                    "size": 100,
                                                    "sizes": []
                                                },
                                                "_margin": {
                                                    "unit": "px",
                                                    "top": "5",
                                                    "right": "0",
                                                    "bottom": "0",
                                                    "left": "5",
                                                    "isLinked": false
                                                },
                                                "__globals__": {
                                                    "title_color": "globals\/colors?id=secondary",
                                                    "description_color": "globals\/colors?id=secondary",
                                                    "title_typography_typography": "globals\/typography?id=accent",
                                                    "description_typography_typography": "globals\/typography?id=text"
                                                },
                                                "title_color": "#040D17",
                                                "description_color": "#040D17",
                                                "hover_animation": "float"
                                            },
                                            "elements": [],
                                            "isInner": false,
                                            "widgetType": "image-box",
                                            "elType": "widget"
                                        }
                                    ],
                                    "isInner": true,
                                    "elType": "column"
                                }
                            ],
                            "isInner": true,
                            "elType": "section"
                        },
                        {
                            "id": "6b8b62e2",
                            "settings": {
                                "structure": "20",
                                "margin": {
                                    "unit": "px",
                                    "top": "30",
                                    "right": 0,
                                    "bottom": "30",
                                    "left": 0,
                                    "isLinked": true
                                }
                            },
                            "elements": [
                                {
                                    "id": "4707758b",
                                    "settings": {
                                        "_column_size": 50,
                                        "_inline_size": null,
                                        "background_background": "gradient",
                                        "border_radius": {
                                            "unit": "px",
                                            "top": "999",
                                            "right": "999",
                                            "bottom": "999",
                                            "left": "999",
                                            "isLinked": true
                                        },
                                        "margin": {
                                            "unit": "px",
                                            "top": "0",
                                            "right": "030",
                                            "bottom": "0",
                                            "left": "0",
                                            "isLinked": false
                                        },
                                        "__globals__": {
                                            "background_color": "globals\/colors?id=6ea1e71",
                                            "background_color_b": "globals\/colors?id=secondary"
                                        },
                                        "background_color_stop": {
                                            "unit": "%",
                                            "size": 65,
                                            "sizes": []
                                        },
                                        "animation": "fadeInUp"
                                    },
                                    "elements": [
                                        {
                                            "id": "aeb3c10",
                                            "settings": {
                                                "image": {
                                                    "url": "http:\/\/kit.nirmanavisual.com\/skatecourse\/wp-content\/uploads\/sites\/26\/2023\/07\/IconC2.png",
                                                    "id": 1020,
                                                    "alt": "",
                                                    "source": "library"
                                                },
                                                "title_text": "Safe Learning guarantee",
                                                "description_text": "Lorem ipsum dolor sit amet<br>consectetur. Volutpat odio tellus<br>neque arcu ac",
                                                "position": "left",
                                                "image_space": {
                                                    "unit": "px",
                                                    "size": 34,
                                                    "sizes": []
                                                },
                                                "image_size": {
                                                    "unit": "%",
                                                    "size": 43,
                                                    "sizes": []
                                                },
                                                "image_border_radius": {
                                                    "unit": "px",
                                                    "size": 100,
                                                    "sizes": []
                                                },
                                                "_margin": {
                                                    "unit": "px",
                                                    "top": "5",
                                                    "right": "0",
                                                    "bottom": "0",
                                                    "left": "5",
                                                    "isLinked": false
                                                },
                                                "__globals__": {
                                                    "title_color": "globals\/colors?id=text",
                                                    "description_color": "globals\/colors?id=text",
                                                    "title_typography_typography": "globals\/typography?id=accent",
                                                    "description_typography_typography": "globals\/typography?id=text"
                                                },
                                                "hover_animation": "float"
                                            },
                                            "elements": [],
                                            "isInner": false,
                                            "widgetType": "image-box",
                                            "elType": "widget"
                                        }
                                    ],
                                    "isInner": true,
                                    "elType": "column"
                                },
                                {
                                    "id": "20ef9edd",
                                    "settings": {
                                        "_column_size": 50,
                                        "_inline_size": null,
                                        "background_background": "gradient",
                                        "border_radius": {
                                            "unit": "px",
                                            "top": "999",
                                            "right": "999",
                                            "bottom": "999",
                                            "left": "999",
                                            "isLinked": true
                                        },
                                        "margin": {
                                            "unit": "px",
                                            "top": "0",
                                            "right": "030",
                                            "bottom": "0",
                                            "left": "0",
                                            "isLinked": false
                                        },
                                        "__globals__": {
                                            "background_color": "globals\/colors?id=6ea1e71",
                                            "background_color_b": "globals\/colors?id=secondary"
                                        },
                                        "background_color_stop": {
                                            "unit": "%",
                                            "size": 65,
                                            "sizes": []
                                        },
                                        "animation": "fadeInUp"
                                    },
                                    "elements": [
                                        {
                                            "id": "1957b13b",
                                            "settings": {
                                                "image": {
                                                    "url": "http:\/\/kit.nirmanavisual.com\/skatecourse\/wp-content\/uploads\/sites\/26\/2023\/07\/IconC1.png",
                                                    "id": 1018,
                                                    "alt": "",
                                                    "source": "library"
                                                },
                                                "title_text": "Fun and<br>Enjoyable",
                                                "description_text": "Lorem ipsum dolor sit amet<br>consectetur. Volutpat odio tellus<br>neque arcu ac",
                                                "position": "left",
                                                "image_space": {
                                                    "unit": "px",
                                                    "size": 34,
                                                    "sizes": []
                                                },
                                                "image_size": {
                                                    "unit": "%",
                                                    "size": 43,
                                                    "sizes": []
                                                },
                                                "image_border_radius": {
                                                    "unit": "px",
                                                    "size": 100,
                                                    "sizes": []
                                                },
                                                "_margin": {
                                                    "unit": "px",
                                                    "top": "5",
                                                    "right": "0",
                                                    "bottom": "0",
                                                    "left": "5",
                                                    "isLinked": false
                                                },
                                                "__globals__": {
                                                    "title_color": "globals\/colors?id=text",
                                                    "description_color": "globals\/colors?id=text",
                                                    "title_typography_typography": "globals\/typography?id=accent",
                                                    "description_typography_typography": "globals\/typography?id=text"
                                                },
                                                "hover_animation": "float"
                                            },
                                            "elements": [],
                                            "isInner": false,
                                            "widgetType": "image-box",
                                            "elType": "widget"
                                        }
                                    ],
                                    "isInner": true,
                                    "elType": "column"
                                }
                            ],
                            "isInner": true,
                            "elType": "section"
                        }
                    ],
                    "isInner": false,
                    "elType": "column"
                }
            ],
            "isInner": false,
            "elType": "section"
        },
        {
            "id": "769fae4d",
            "settings": {
                "height": "min-height",
                "custom_height": {
                    "unit": "px",
                    "size": "",
                    "sizes": []
                },
                "structure": "20",
                "background_background": "classic",
                "background_image": {
                    "url": "http:\/\/kit.nirmanavisual.com\/skatecourse\/wp-content\/uploads\/sites\/26\/2023\/08\/skateboarder-skateboarding-at-morning-outdoors-2022-02-03-01-52-41-utc.jpg",
                    "id": 942,
                    "alt": "",
                    "source": "library"
                },
                "background_position": "initial",
                "background_xpos": {
                    "unit": "px",
                    "size": -5,
                    "sizes": []
                },
                "background_ypos": {
                    "unit": "px",
                    "size": -110,
                    "sizes": []
                },
                "background_repeat": "no-repeat",
                "background_size": "cover",
                "background_overlay_background": "classic",
                "background_overlay_opacity": {
                    "unit": "px",
                    "size": 0.74,
                    "sizes": []
                },
                "__globals__": {
                    "background_overlay_color": "globals\/colors?id=secondary"
                },
                "background_attachment": "fixed",
                "padding": {
                    "unit": "px",
                    "top": "0200",
                    "right": "0",
                    "bottom": "0",
                    "left": "0",
                    "isLinked": false
                }
            },
            "elements": [
                {
                    "id": "75798eb1",
                    "settings": {
                        "_column_size": 50,
                        "_inline_size": null
                    },
                    "elements": [],
                    "isInner": false,
                    "elType": "column"
                },
                {
                    "id": "4a9cce2f",
                    "settings": {
                        "_column_size": 50,
                        "_inline_size": null,
                        "animation": "fadeInUp",
                        "background_background": "classic",
                        "border_radius": {
                            "unit": "px",
                            "top": "60",
                            "right": "60",
                            "bottom": "0",
                            "left": "0",
                            "isLinked": false
                        },
                        "padding": {
                            "unit": "px",
                            "top": "030",
                            "right": "040",
                            "bottom": "030",
                            "left": "040",
                            "isLinked": false
                        },
                        "__globals__": {
                            "background_color": "globals\/colors?id=primary"
                        }
                    },
                    "elements": [
                        {
                            "id": "6e8b28a0",
                            "settings": {
                                "title": "Let\u2019s fun with<br>our class!!",
                                "__globals__": {
                                    "typography_typography": "globals\/typography?id=8db623a",
                                    "title_color": "globals\/colors?id=secondary"
                                },
                                "align_mobile": "center",
                                "_animation": "fadeInRight"
                            },
                            "elements": [],
                            "isInner": false,
                            "widgetType": "heading",
                            "elType": "widget"
                        },
                        {
                            "id": "6bc456f8",
                            "settings": {
                                "editor": "<p>Lorem ipsum dolor sit amet, consectetur adipiscing elit.<\/p>",
                                "_element_custom_width": {
                                    "unit": "%",
                                    "size": 100,
                                    "sizes": []
                                },
                                "align_mobile": "center",
                                "__globals__": {
                                    "text_color": "globals\/colors?id=secondary",
                                    "typography_typography": "globals\/typography?id=text"
                                },
                                "_animation": "fadeInRight"
                            },
                            "elements": [],
                            "isInner": false,
                            "widgetType": "text-editor",
                            "elType": "widget"
                        },
                        {
                            "id": "74101cd2",
                            "settings": {
                                "text": "Join Us",
                                "background_color": "#040D17",
                                "_animation": "fadeInUp",
                                "__globals__": {
                                    "background_color": "globals\/colors?id=secondary",
                                    "button_text_color": "globals\/colors?id=text"
                                }
                            },
                            "elements": [],
                            "isInner": false,
                            "widgetType": "button",
                            "elType": "widget"
                        }
                    ],
                    "isInner": false,
                    "elType": "column"
                }
            ],
            "isInner": false,
            "elType": "section"
        }
    ]
}