{
    "version": "0.4",
    "title": "Coming soon",
    "type": "page",
    "metadata": {
        "template_type": "single-page",
        "include_in_zip": "1",
        "elementor_pro_required": null,
        "wp_page_template": "elementor_canvas"
    },
    "content": [
        {
            "id": "61242940",
            "settings": {
                "background_background": "classic",
                "background_image": {
                    "url": "http:\/\/kit.nirmanavisual.com\/skatecourse\/wp-content\/uploads\/sites\/26\/2023\/08\/jumping-man-holds-skateboard.jpg",
                    "id": 1104,
                    "alt": "",
                    "source": "library"
                },
                "padding": {
                    "unit": "px",
                    "top": "0350",
                    "right": "0",
                    "bottom": "0350",
                    "left": "0",
                    "isLinked": false
                }
            },
            "elements": [
                {
                    "id": "1e42dfd1",
                    "settings": {
                        "_column_size": 100,
                        "_inline_size": null
                    },
                    "elements": [
                        {
                            "id": "7b03a9d8",
                            "settings": {
                                "title": "We're Coming Soon",
                                "align": "center",
                                "__globals__": {
                                    "title_color": "globals\/colors?id=text",
                                    "typography_typography": "globals\/typography?id=primary"
                                },
                                "_animation": "fadeInUp"
                            },
                            "elements": [],
                            "isInner": false,
                            "widgetType": "heading",
                            "elType": "widget"
                        },
                        {
                            "id": "2231a178",
                            "settings": {
                                "title": "be the first to knowwhen our new site is live",
                                "align": "center",
                                "_animation": "fadeInUp",
                                "__globals__": {
                                    "typography_typography": "globals\/typography?id=6b76955"
                                }
                            },
                            "elements": [],
                            "isInner": false,
                            "widgetType": "heading",
                            "elType": "widget"
                        },
                        {
                            "id": "5e7b0b13",
                            "settings": {
                                "ekit_countdown_timer_due_time": "2024-01-01 00:00",
                                "ekit_countdown_timer_weeks_label": "Weeks",
                                "ekit_countdown_timer_days_label": "Days",
                                "ekit_countdown_timer_hours_label": "Hours",
                                "ekit_countdown_timer_minutes_hours_label": "Minutes",
                                "ekit_countdown_timer_seconds_hours_label": "Seconds",
                                "ekit_countdown_timer_title": "Countdown is finished!",
                                "ekit_countdown_timer_expiry_content": "Lorem Ipsum is simply dummy text of the printing and typesetting industry. Lorem Ipsum has been the industry&#039;s standard dummy text ever since the 1500s",
                                "ekit_countdown_timer_days_digits_color": "#B8E144",
                                "ekit_countdown_timer_days_digits_typography_group_typography": "custom",
                                "ekit_countdown_timer_days_digits_typography_group_font_family": "Dela Gothic One",
                                "ekit_countdown_timer_days_digits_typography_group_font_size": {
                                    "unit": "px",
                                    "size": 40,
                                    "sizes": []
                                },
                                "ekit_countdown_timer_days_digits_typography_group_font_weight": "400",
                                "ekit_countdown_timer_days_digits_typography_group_text_transform": "uppercase",
                                "ekit_countdown_timer_days_digits_typography_group_line_height": {
                                    "unit": "px",
                                    "size": 55,
                                    "sizes": []
                                },
                                "ekit_countdown_timer_days_digits_margin_bottom": {
                                    "unit": "px",
                                    "size": -8,
                                    "sizes": []
                                },
                                "ekit_countdown_timer_days_label_color": "#FFFFFF",
                                "ekit_countdown_timer_days_label_background_group_background": "classic",
                                "ekit_countdown_timer_days_background_group_background": "classic",
                                "ekit_countdown_timer_hours_digits_margin_bottom": {
                                    "unit": "px",
                                    "size": -8,
                                    "sizes": []
                                },
                                "ekit_countdown_timer_hours_background_background": "classic",
                                "ekit_countdown_timer_minutes_digits_margin_bottom": {
                                    "unit": "px",
                                    "size": -8,
                                    "sizes": []
                                },
                                "ekit_countdown_timer_minutes_background_background": "classic",
                                "ekit_countdown_timer_seconds_digits_margin_bottom": {
                                    "unit": "px",
                                    "size": -8,
                                    "sizes": []
                                },
                                "ekit_countdown_timer_seconds_background_background": "classic",
                                "_padding": {
                                    "unit": "px",
                                    "top": "050",
                                    "right": "0",
                                    "bottom": "0",
                                    "left": "0",
                                    "isLinked": false
                                },
                                "_animation": "fadeInUp",
                                "_background_background": "classic",
                                "__globals__": {
                                    "ekit_countdown_timer_days_label_typography_group_typography": "globals\/typography?id=text",
                                    "ekit_countdown_timer_days_digits_typography_group_typography": "globals\/typography?id=primary",
                                    "ekit_countdown_timer_days_digits_color": "globals\/colors?id=secondary",
                                    "ekit_countdown_timer_days_label_color": "globals\/colors?id=secondary",
                                    "ekit_countdown_timer_days_label_background_group_color": "",
                                    "_background_color": "",
                                    "ekit_countdown_timer_days_background_group_color": "globals\/colors?id=primary",
                                    "ekit_countdown_timer_hours_digits_color": "globals\/colors?id=secondary",
                                    "ekit_countdown_timer_hours_label_color": "globals\/colors?id=secondary",
                                    "ekit_countdown_timer_hours_digits_typography_group_typography": "globals\/typography?id=primary",
                                    "ekit_countdown_timer_hours_label_typography_group_typography": "globals\/typography?id=text",
                                    "ekit_countdown_timer_hours_background_color": "globals\/colors?id=primary",
                                    "ekit_countdown_timer_minutes_background_color": "globals\/colors?id=primary",
                                    "ekit_countdown_timer_minutes_digits_color": "globals\/colors?id=secondary",
                                    "ekit_countdown_timer_minutes_label_color": "globals\/colors?id=secondary",
                                    "ekit_countdown_timer_minutes_digits_typography_group_typography": "globals\/typography?id=primary",
                                    "ekit_countdown_timer_minutes_label_typography_group_typography": "globals\/typography?id=text",
                                    "ekit_countdown_timer_seconds_background_color": "globals\/colors?id=primary",
                                    "ekit_countdown_timer_seconds_label_typography_group_typography": "globals\/typography?id=text",
                                    "ekit_countdown_timer_seconds_label_color": "globals\/colors?id=secondary",
                                    "ekit_countdown_timer_seconds_digits_typography_group_typography": "globals\/typography?id=primary",
                                    "ekit_countdown_timer_seconds_digits_color": "globals\/colors?id=secondary"
                                }
                            },
                            "elements": [],
                            "isInner": false,
                            "widgetType": "elementskit-countdown-timer",
                            "elType": "widget"
                        }
                    ],
                    "isInner": false,
                    "elType": "column"
                }
            ],
            "isInner": false,
            "elType": "section"
        }
    ]
}