{
    "version": "0.4",
    "title": "Contact",
    "type": "page",
    "metadata": {
        "template_type": "single-page",
        "include_in_zip": "1",
        "elementor_pro_required": null,
        "wp_page_template": "elementor_header_footer"
    },
    "content": [
        {
            "id": "6beaeccc",
            "settings": {
                "padding": {
                    "unit": "px",
                    "top": "075",
                    "right": "0",
                    "bottom": "075",
                    "left": "0",
                    "isLinked": false
                }
            },
            "elements": [
                {
                    "id": "1861fb02",
                    "settings": {
                        "_column_size": 100,
                        "_inline_size": null
                    },
                    "elements": [
                        {
                            "id": "659ca18c",
                            "settings": {
                                "title": "Contact",
                                "align": "center",
                                "_margin": {
                                    "unit": "px",
                                    "top": "0",
                                    "right": "0",
                                    "bottom": "0",
                                    "left": "0",
                                    "isLinked": false
                                },
                                "__globals__": {
                                    "title_color": "globals\/colors?id=text",
                                    "typography_typography": "globals\/typography?id=primary"
                                },
                                "_animation": "fadeInUp"
                            },
                            "elements": [],
                            "isInner": false,
                            "widgetType": "heading",
                            "elType": "widget"
                        },
                        {
                            "id": "13c08038",
                            "settings": {
                                "editor": "<p>Lorem ipsum dolor sit amet consectetur. Volutpat odio tellus neque arcu ac<\/p>",
                                "_element_custom_width": {
                                    "unit": "%",
                                    "size": 100,
                                    "sizes": []
                                },
                                "align_mobile": "center",
                                "__globals__": {
                                    "typography_typography": "globals\/typography?id=text",
                                    "text_color": "globals\/colors?id=primary"
                                },
                                "align": "center",
                                "typography_typography": "custom",
                                "typography_font_family": "Roboto",
                                "typography_font_size": {
                                    "unit": "px",
                                    "size": 15,
                                    "sizes": []
                                },
                                "typography_font_weight": "300",
                                "typography_text_transform": "none",
                                "typography_line_height": {
                                    "unit": "px",
                                    "size": 24,
                                    "sizes": []
                                },
                                "_animation": "fadeInUp"
                            },
                            "elements": [],
                            "isInner": false,
                            "widgetType": "text-editor",
                            "elType": "widget"
                        }
                    ],
                    "isInner": false,
                    "elType": "column"
                }
            ],
            "isInner": false,
            "elType": "section"
        },
        {
            "id": "284ced20",
            "settings": {
                "structure": "20",
                "padding": {
                    "unit": "px",
                    "top": "0",
                    "right": "0",
                    "bottom": "075",
                    "left": "0",
                    "isLinked": false
                }
            },
            "elements": [
                {
                    "id": "3cc853e7",
                    "settings": {
                        "_column_size": 50,
                        "_inline_size": null,
                        "background_background": "classic",
                        "background_image": {
                            "url": "http:\/\/kit.nirmanavisual.com\/skatecourse\/wp-content\/uploads\/sites\/26\/2023\/07\/Frame-Pricing-2.png",
                            "id": 317,
                            "alt": "",
                            "source": "library"
                        },
                        "background_position": "center center",
                        "background_repeat": "no-repeat",
                        "background_size": "initial",
                        "background_bg_width": {
                            "unit": "%",
                            "size": 79,
                            "sizes": []
                        },
                        "z_index": 1
                    },
                    "elements": [
                        {
                            "id": "39fc558f",
                            "settings": {
                                "structure": "20"
                            },
                            "elements": [
                                {
                                    "id": "8bca8c3",
                                    "settings": {
                                        "_column_size": 50,
                                        "_inline_size": 35.449
                                    },
                                    "elements": [],
                                    "isInner": true,
                                    "elType": "column"
                                },
                                {
                                    "id": "fccac82",
                                    "settings": {
                                        "_column_size": 50,
                                        "_inline_size": 64.551,
                                        "background_background": "classic",
                                        "margin": {
                                            "unit": "px",
                                            "top": "0",
                                            "right": "0",
                                            "bottom": "0",
                                            "left": "-75",
                                            "isLinked": false
                                        }
                                    },
                                    "elements": [
                                        {
                                            "id": "56299f0d",
                                            "settings": {
                                                "image": {
                                                    "url": "http:\/\/kit.nirmanavisual.com\/skatecourse\/wp-content\/uploads\/sites\/26\/2023\/07\/Teenage-girl-with-pink-skateboard.png",
                                                    "id": 314,
                                                    "alt": "",
                                                    "source": "library"
                                                },
                                                "width": {
                                                    "unit": "%",
                                                    "size": 89,
                                                    "sizes": []
                                                },
                                                "_margin": {
                                                    "unit": "px",
                                                    "top": "0",
                                                    "right": "0",
                                                    "bottom": "0",
                                                    "left": "0",
                                                    "isLinked": false
                                                },
                                                "_z_index": 0,
                                                "_background_background": "classic",
                                                "_background_image": {
                                                    "url": "http:\/\/kit.nirmanavisual.com\/skatecourse\/wp-content\/uploads\/sites\/26\/2023\/07\/Ellipse-1.png",
                                                    "id": 336,
                                                    "alt": "",
                                                    "source": "library"
                                                },
                                                "_background_position": "center center",
                                                "_background_repeat": "no-repeat",
                                                "_background_size": "initial",
                                                "_background_bg_width": {
                                                    "unit": "%",
                                                    "size": 87,
                                                    "sizes": []
                                                },
                                                "hover_animation": "float",
                                                "_animation": "fadeInUp"
                                            },
                                            "elements": [],
                                            "isInner": false,
                                            "widgetType": "image",
                                            "elType": "widget"
                                        }
                                    ],
                                    "isInner": true,
                                    "elType": "column"
                                }
                            ],
                            "isInner": true,
                            "elType": "section"
                        },
                        {
                            "id": "39cb3376",
                            "settings": {
                                "padding": {
                                    "unit": "px",
                                    "top": "0",
                                    "right": "080",
                                    "bottom": "0",
                                    "left": "080",
                                    "isLinked": false
                                }
                            },
                            "elements": [
                                {
                                    "id": "46797dae",
                                    "settings": {
                                        "_column_size": 100,
                                        "_inline_size": null
                                    },
                                    "elements": [
                                        {
                                            "id": "2f08782d",
                                            "settings": {
                                                "title": "GET IN TOUCH",
                                                "__globals__": {
                                                    "typography_typography": "globals\/typography?id=8db623a",
                                                    "title_color": "globals\/colors?id=secondary"
                                                },
                                                "_animation": "fadeInLeft"
                                            },
                                            "elements": [],
                                            "isInner": false,
                                            "widgetType": "heading",
                                            "elType": "widget"
                                        },
                                        {
                                            "id": "6e359a7b",
                                            "settings": {
                                                "editor": "<p>Lorem ipsum dolor sit amet, consectetur adipiscing elit. Ut elit tellus, luctus nec.<\/p>",
                                                "_element_custom_width": {
                                                    "unit": "%",
                                                    "size": 100,
                                                    "sizes": []
                                                },
                                                "align_mobile": "center",
                                                "__globals__": {
                                                    "text_color": "globals\/colors?id=secondary",
                                                    "typography_typography": "globals\/typography?id=text"
                                                },
                                                "_animation": "fadeInLeft"
                                            },
                                            "elements": [],
                                            "isInner": false,
                                            "widgetType": "text-editor",
                                            "elType": "widget"
                                        }
                                    ],
                                    "isInner": true,
                                    "elType": "column"
                                }
                            ],
                            "isInner": true,
                            "elType": "section"
                        }
                    ],
                    "isInner": false,
                    "elType": "column"
                },
                {
                    "id": "259c282f",
                    "settings": {
                        "_column_size": 50,
                        "_inline_size": null,
                        "content_position": "center",
                        "animation": "fadeInRight"
                    },
                    "elements": [
                        {
                            "id": "2ef6b4c7",
                            "settings": {
                                "mf_form_id": "603***1690856552831"
                            },
                            "elements": [],
                            "isInner": false,
                            "widgetType": "metform",
                            "elType": "widget"
                        }
                    ],
                    "isInner": false,
                    "elType": "column"
                }
            ],
            "isInner": false,
            "elType": "section"
        },
        {
            "id": "772ca8af",
            "settings": {
                "padding": {
                    "unit": "px",
                    "top": "0",
                    "right": "0",
                    "bottom": "075",
                    "left": "0",
                    "isLinked": false
                }
            },
            "elements": [
                {
                    "id": "68030407",
                    "settings": {
                        "_column_size": 100,
                        "_inline_size": null,
                        "__globals__": {
                            "border_color": ""
                        }
                    },
                    "elements": [
                        {
                            "id": "352b8a0b",
                            "settings": {
                                "structure": "30"
                            },
                            "elements": [
                                {
                                    "id": "7733691b",
                                    "settings": {
                                        "_column_size": 33,
                                        "_inline_size": null,
                                        "border_border": "solid",
                                        "border_width": {
                                            "unit": "px",
                                            "top": "1",
                                            "right": "1",
                                            "bottom": "1",
                                            "left": "1",
                                            "isLinked": true
                                        },
                                        "border_radius": {
                                            "unit": "px",
                                            "top": "25",
                                            "right": "25",
                                            "bottom": "25",
                                            "left": "25",
                                            "isLinked": true
                                        },
                                        "padding": {
                                            "unit": "px",
                                            "top": "25",
                                            "right": "25",
                                            "bottom": "25",
                                            "left": "25",
                                            "isLinked": true
                                        },
                                        "__globals__": {
                                            "border_color": "globals\/colors?id=d00553a"
                                        },
                                        "margin": {
                                            "unit": "px",
                                            "top": "0",
                                            "right": "020",
                                            "bottom": "0",
                                            "left": "020",
                                            "isLinked": false
                                        },
                                        "animation": "fadeInRight",
                                        "animation_duration": "fast",
                                        "animation_delay": 1000
                                    },
                                    "elements": [
                                        {
                                            "id": "206d4d23",
                                            "settings": {
                                                "selected_icon": {
                                                    "value": "fas fa-envelope",
                                                    "library": "fa-solid"
                                                },
                                                "view": "stacked",
                                                "align": "left",
                                                "size": {
                                                    "unit": "px",
                                                    "size": 33,
                                                    "sizes": []
                                                },
                                                "__globals__": {
                                                    "primary_color": "globals\/colors?id=d00553a",
                                                    "secondary_color": "globals\/colors?id=primary"
                                                }
                                            },
                                            "elements": [],
                                            "isInner": false,
                                            "widgetType": "icon",
                                            "elType": "widget"
                                        },
                                        {
                                            "id": "19816a12",
                                            "settings": {
                                                "title": "Ticket Support",
                                                "typography_typography": "custom",
                                                "typography_font_family": "Dela Gothic One",
                                                "typography_font_size": {
                                                    "unit": "px",
                                                    "size": 23,
                                                    "sizes": []
                                                },
                                                "__globals__": {
                                                    "title_color": "globals\/colors?id=primary",
                                                    "typography_typography": "globals\/typography?id=accent"
                                                },
                                                "align_mobile": "center"
                                            },
                                            "elements": [],
                                            "isInner": false,
                                            "widgetType": "heading",
                                            "elType": "widget"
                                        },
                                        {
                                            "id": "4df61e1b",
                                            "settings": {
                                                "title": "Lorem ipsum dolor sit amet, consectetur adipiscing elit. Ut elit tellus, luctus nec ullamcorper mattis, pulvinar dapibus leo.",
                                                "__globals__": {
                                                    "title_color": "globals\/colors?id=2e0aaa6",
                                                    "typography_typography": "globals\/typography?id=text"
                                                },
                                                "align_mobile": "center"
                                            },
                                            "elements": [],
                                            "isInner": false,
                                            "widgetType": "heading",
                                            "elType": "widget"
                                        },
                                        {
                                            "id": "11f070ed",
                                            "settings": {
                                                "text": "Learn more",
                                                "align_mobile": "center"
                                            },
                                            "elements": [],
                                            "isInner": false,
                                            "widgetType": "button",
                                            "elType": "widget"
                                        }
                                    ],
                                    "isInner": true,
                                    "elType": "column"
                                },
                                {
                                    "id": "2e612c93",
                                    "settings": {
                                        "_column_size": 33,
                                        "_inline_size": null,
                                        "border_border": "solid",
                                        "border_width": {
                                            "unit": "px",
                                            "top": "1",
                                            "right": "1",
                                            "bottom": "1",
                                            "left": "1",
                                            "isLinked": true
                                        },
                                        "border_radius": {
                                            "unit": "px",
                                            "top": "25",
                                            "right": "25",
                                            "bottom": "25",
                                            "left": "25",
                                            "isLinked": true
                                        },
                                        "padding": {
                                            "unit": "px",
                                            "top": "25",
                                            "right": "25",
                                            "bottom": "25",
                                            "left": "25",
                                            "isLinked": true
                                        },
                                        "__globals__": {
                                            "border_color": "globals\/colors?id=d00553a"
                                        },
                                        "margin": {
                                            "unit": "px",
                                            "top": "0",
                                            "right": "020",
                                            "bottom": "0",
                                            "left": "020",
                                            "isLinked": false
                                        },
                                        "animation": "fadeInDown"
                                    },
                                    "elements": [
                                        {
                                            "id": "804bdb5",
                                            "settings": {
                                                "selected_icon": {
                                                    "value": "fas fa-phone-alt",
                                                    "library": "fa-solid"
                                                },
                                                "view": "stacked",
                                                "align": "left",
                                                "size": {
                                                    "unit": "px",
                                                    "size": 33,
                                                    "sizes": []
                                                },
                                                "__globals__": {
                                                    "primary_color": "globals\/colors?id=d00553a",
                                                    "secondary_color": "globals\/colors?id=primary"
                                                }
                                            },
                                            "elements": [],
                                            "isInner": false,
                                            "widgetType": "icon",
                                            "elType": "widget"
                                        },
                                        {
                                            "id": "2b93d72d",
                                            "settings": {
                                                "title": "free Call <br>Centre",
                                                "typography_typography": "custom",
                                                "typography_font_family": "Dela Gothic One",
                                                "typography_font_size": {
                                                    "unit": "px",
                                                    "size": 23,
                                                    "sizes": []
                                                },
                                                "__globals__": {
                                                    "title_color": "globals\/colors?id=primary",
                                                    "typography_typography": "globals\/typography?id=accent"
                                                },
                                                "align_mobile": "center"
                                            },
                                            "elements": [],
                                            "isInner": false,
                                            "widgetType": "heading",
                                            "elType": "widget"
                                        },
                                        {
                                            "id": "29282c91",
                                            "settings": {
                                                "title": "Lorem ipsum dolor sit amet, consectetur adipiscing elit. Ut elit tellus, luctus nec ullamcorper mattis, pulvinar dapibus leo.",
                                                "__globals__": {
                                                    "title_color": "globals\/colors?id=2e0aaa6",
                                                    "typography_typography": "globals\/typography?id=text"
                                                },
                                                "align_mobile": "center"
                                            },
                                            "elements": [],
                                            "isInner": false,
                                            "widgetType": "heading",
                                            "elType": "widget"
                                        },
                                        {
                                            "id": "4ddd4e4e",
                                            "settings": {
                                                "text": "Learn more",
                                                "align_mobile": "center"
                                            },
                                            "elements": [],
                                            "isInner": false,
                                            "widgetType": "button",
                                            "elType": "widget"
                                        }
                                    ],
                                    "isInner": true,
                                    "elType": "column"
                                },
                                {
                                    "id": "31c90711",
                                    "settings": {
                                        "_column_size": 33,
                                        "_inline_size": null,
                                        "border_border": "solid",
                                        "border_width": {
                                            "unit": "px",
                                            "top": "1",
                                            "right": "1",
                                            "bottom": "1",
                                            "left": "1",
                                            "isLinked": true
                                        },
                                        "border_radius": {
                                            "unit": "px",
                                            "top": "25",
                                            "right": "25",
                                            "bottom": "25",
                                            "left": "25",
                                            "isLinked": true
                                        },
                                        "padding": {
                                            "unit": "px",
                                            "top": "25",
                                            "right": "25",
                                            "bottom": "25",
                                            "left": "25",
                                            "isLinked": true
                                        },
                                        "__globals__": {
                                            "border_color": "globals\/colors?id=d00553a"
                                        },
                                        "margin": {
                                            "unit": "px",
                                            "top": "0",
                                            "right": "020",
                                            "bottom": "0",
                                            "left": "020",
                                            "isLinked": false
                                        },
                                        "animation": "fadeInLeft",
                                        "animation_duration": "fast",
                                        "animation_delay": 1000
                                    },
                                    "elements": [
                                        {
                                            "id": "4b1b7e5d",
                                            "settings": {
                                                "selected_icon": {
                                                    "value": "fas fa-file",
                                                    "library": "fa-solid"
                                                },
                                                "view": "stacked",
                                                "align": "left",
                                                "size": {
                                                    "unit": "px",
                                                    "size": 33,
                                                    "sizes": []
                                                },
                                                "__globals__": {
                                                    "primary_color": "globals\/colors?id=d00553a",
                                                    "secondary_color": "globals\/colors?id=primary"
                                                }
                                            },
                                            "elements": [],
                                            "isInner": false,
                                            "widgetType": "icon",
                                            "elType": "widget"
                                        },
                                        {
                                            "id": "1c278dea",
                                            "settings": {
                                                "title": "news<br>update",
                                                "typography_typography": "custom",
                                                "typography_font_family": "Dela Gothic One",
                                                "typography_font_size": {
                                                    "unit": "px",
                                                    "size": 23,
                                                    "sizes": []
                                                },
                                                "__globals__": {
                                                    "title_color": "globals\/colors?id=primary",
                                                    "typography_typography": "globals\/typography?id=accent"
                                                },
                                                "align_mobile": "center"
                                            },
                                            "elements": [],
                                            "isInner": false,
                                            "widgetType": "heading",
                                            "elType": "widget"
                                        },
                                        {
                                            "id": "5af0ca89",
                                            "settings": {
                                                "title": "Lorem ipsum dolor sit amet, consectetur adipiscing elit. Ut elit tellus, luctus nec ullamcorper mattis, pulvinar dapibus leo.",
                                                "__globals__": {
                                                    "title_color": "globals\/colors?id=2e0aaa6",
                                                    "typography_typography": "globals\/typography?id=text"
                                                },
                                                "align_mobile": "center"
                                            },
                                            "elements": [],
                                            "isInner": false,
                                            "widgetType": "heading",
                                            "elType": "widget"
                                        },
                                        {
                                            "id": "6f12a2b7",
                                            "settings": {
                                                "text": "Learn more",
                                                "align_mobile": "center"
                                            },
                                            "elements": [],
                                            "isInner": false,
                                            "widgetType": "button",
                                            "elType": "widget"
                                        }
                                    ],
                                    "isInner": true,
                                    "elType": "column"
                                }
                            ],
                            "isInner": true,
                            "elType": "section"
                        }
                    ],
                    "isInner": false,
                    "elType": "column"
                }
            ],
            "isInner": false,
            "elType": "section"
        },
        {
            "id": "6030b1e4",
            "settings": {
                "padding": {
                    "unit": "px",
                    "top": "0",
                    "right": "0",
                    "bottom": "075",
                    "left": "0",
                    "isLinked": false
                }
            },
            "elements": [
                {
                    "id": "42c801a4",
                    "settings": {
                        "_column_size": 100,
                        "_inline_size": null
                    },
                    "elements": [
                        {
                            "id": "3bc9363d",
                            "settings": {
                                "structure": "20"
                            },
                            "elements": [
                                {
                                    "id": "3e70b6c3",
                                    "settings": {
                                        "_column_size": 50,
                                        "_inline_size": 35.624,
                                        "animation": "fadeInLeft"
                                    },
                                    "elements": [
                                        {
                                            "id": "6c304bed",
                                            "settings": {
                                                "title": "Frequently ask question ",
                                                "align": "left",
                                                "__globals__": {
                                                    "title_color": "globals\/colors?id=text",
                                                    "typography_typography": "globals\/typography?id=primary"
                                                },
                                                "_animation": "fadeInUp"
                                            },
                                            "elements": [],
                                            "isInner": false,
                                            "widgetType": "heading",
                                            "elType": "widget"
                                        }
                                    ],
                                    "isInner": true,
                                    "elType": "column"
                                },
                                {
                                    "id": "63d2582",
                                    "settings": {
                                        "_column_size": 50,
                                        "_inline_size": 64.376,
                                        "animation": "fadeInRight"
                                    },
                                    "elements": [
                                        {
                                            "id": "368b5806",
                                            "settings": {
                                                "ekit_accordion_items": [
                                                    {
                                                        "acc_title": "How to Change my Photo from Admin Dashboard?",
                                                        "ekit_acc_is_active": "yes",
                                                        "_id": "dda7de2"
                                                    },
                                                    {
                                                        "acc_title": "How to Change my Password easily?",
                                                        "_id": "ac0b76f"
                                                    },
                                                    {
                                                        "acc_title": "How to Change my Subscription Plan using PayPal",
                                                        "_id": "afc8adb"
                                                    }
                                                ],
                                                "ekit_accordion_right_icon_actives": {
                                                    "value": "icon icon-up-arrow1",
                                                    "library": "ekiticons"
                                                },
                                                "ekit_accordion_title_color": "#FFFFFF",
                                                "ekit_accordion_background_background": "classic",
                                                "ekit_accordion_background_color": "#B8E144",
                                                "ekit_accordion_background_color_b": "#040D17",
                                                "ekit_accordion_title_color_close": "#FFFFFF",
                                                "ekit_accordion_background_close_background": "classic",
                                                "ekit_accordion_background_close_color_b": "#040D17",
                                                "ekit_accordion_border_radious_close": {
                                                    "unit": "px",
                                                    "top": "15",
                                                    "right": "15",
                                                    "bottom": "15",
                                                    "left": "15",
                                                    "isLinked": true
                                                },
                                                "ekit_accordion_title_margin_bottom": {
                                                    "unit": "px",
                                                    "size": 17,
                                                    "sizes": []
                                                },
                                                "ekit_accordion_content_color": "#B8E144",
                                                "ekit_accordion_content_typography_typography": "custom",
                                                "ekit_accordion_content_typography_font_family": "Roboto",
                                                "ekit_accordion_content_typography_font_size": {
                                                    "unit": "px",
                                                    "size": 15,
                                                    "sizes": []
                                                },
                                                "ekit_accordion_content_typography_font_weight": "300",
                                                "ekit_accordion_content_typography_line_height": {
                                                    "unit": "px",
                                                    "size": 24,
                                                    "sizes": []
                                                },
                                                "ekit_accordion_icon_typography_close": {
                                                    "unit": "px",
                                                    "size": 12,
                                                    "sizes": []
                                                },
                                                "__globals__": {
                                                    "ekit_accordion_content_color": "globals\/colors?id=text",
                                                    "ekit_accordion_content_background_color": "",
                                                    "ekit_accordion_title_color": "globals\/colors?id=secondary",
                                                    "ekit_accordion_title_color_close": "globals\/colors?id=secondary",
                                                    "ekit_accordion_background_color_b": "globals\/colors?id=secondary",
                                                    "ekit_accordion_background_color": "globals\/colors?id=primary",
                                                    "ekit_accordion_background_close_color": "globals\/colors?id=primary",
                                                    "ekit_accordion_background_close_color_b": "globals\/colors?id=secondary",
                                                    "ekit_accordion_content_typography_typography": "globals\/typography?id=text",
                                                    "ekit_accordion_icon_color_close": "globals\/colors?id=secondary",
                                                    "ekit_accordion_title_typography_typography": "globals\/typography?id=1580bfc"
                                                }
                                            },
                                            "elements": [],
                                            "isInner": false,
                                            "widgetType": "elementskit-accordion",
                                            "elType": "widget"
                                        }
                                    ],
                                    "isInner": true,
                                    "elType": "column"
                                }
                            ],
                            "isInner": true,
                            "elType": "section"
                        }
                    ],
                    "isInner": false,
                    "elType": "column"
                }
            ],
            "isInner": false,
            "elType": "section"
        }
    ]
}