{
    "version": "0.4",
    "title": "FAQ",
    "type": "page",
    "metadata": {
        "template_type": "single-page",
        "include_in_zip": "1",
        "elementor_pro_required": null,
        "wp_page_template": "elementor_header_footer"
    },
    "content": [
        {
            "id": "24ccb51e",
            "settings": {
                "padding": {
                    "unit": "px",
                    "top": "075",
                    "right": "0",
                    "bottom": "075",
                    "left": "0",
                    "isLinked": false
                }
            },
            "elements": [
                {
                    "id": "674f5b71",
                    "settings": {
                        "_column_size": 100,
                        "_inline_size": null
                    },
                    "elements": [
                        {
                            "id": "3ca5f1bc",
                            "settings": {
                                "title": "FAQ",
                                "align": "center",
                                "_margin": {
                                    "unit": "px",
                                    "top": "0",
                                    "right": "0",
                                    "bottom": "0",
                                    "left": "0",
                                    "isLinked": false
                                },
                                "__globals__": {
                                    "title_color": "globals\/colors?id=text",
                                    "typography_typography": "globals\/typography?id=primary"
                                },
                                "_animation": "fadeInUp"
                            },
                            "elements": [],
                            "isInner": false,
                            "widgetType": "heading",
                            "elType": "widget"
                        },
                        {
                            "id": "760a80f3",
                            "settings": {
                                "editor": "<p>Lorem ipsum dolor sit amet consectetur. Volutpat odio tellus neque arcu ac<\/p>",
                                "_element_custom_width": {
                                    "unit": "%",
                                    "size": 100,
                                    "sizes": []
                                },
                                "align_mobile": "center",
                                "__globals__": {
                                    "typography_typography": "globals\/typography?id=text",
                                    "text_color": "globals\/colors?id=primary"
                                },
                                "align": "center",
                                "typography_typography": "custom",
                                "typography_font_family": "Roboto",
                                "typography_font_size": {
                                    "unit": "px",
                                    "size": 15,
                                    "sizes": []
                                },
                                "typography_font_weight": "300",
                                "typography_text_transform": "none",
                                "typography_line_height": {
                                    "unit": "px",
                                    "size": 24,
                                    "sizes": []
                                },
                                "_animation": "fadeInUp"
                            },
                            "elements": [],
                            "isInner": false,
                            "widgetType": "text-editor",
                            "elType": "widget"
                        }
                    ],
                    "isInner": false,
                    "elType": "column"
                }
            ],
            "isInner": false,
            "elType": "section"
        },
        {
            "id": "3d44220d",
            "settings": {
                "padding": {
                    "unit": "px",
                    "top": "0",
                    "right": "0",
                    "bottom": "075",
                    "left": "0",
                    "isLinked": false
                }
            },
            "elements": [
                {
                    "id": "24561f49",
                    "settings": {
                        "_column_size": 100,
                        "_inline_size": null
                    },
                    "elements": [
                        {
                            "id": "26bba84a",
                            "settings": {
                                "title": "Frequently ask<br>question",
                                "align": "center",
                                "__globals__": {
                                    "title_color": "globals\/colors?id=text",
                                    "typography_typography": "globals\/typography?id=primary"
                                },
                                "_animation": "fadeInUp"
                            },
                            "elements": [],
                            "isInner": false,
                            "widgetType": "heading",
                            "elType": "widget"
                        },
                        {
                            "id": "49682940",
                            "settings": {
                                "structure": "20"
                            },
                            "elements": [
                                {
                                    "id": "19bab65",
                                    "settings": {
                                        "_column_size": 50,
                                        "_inline_size": null,
                                        "animation": "fadeInLeft"
                                    },
                                    "elements": [
                                        {
                                            "id": "760e115d",
                                            "settings": {
                                                "ekit_accordion_items": [
                                                    {
                                                        "acc_title": "How to Change my Photo from Admin Dashboard?",
                                                        "ekit_acc_is_active": "yes",
                                                        "_id": "dda7de2"
                                                    },
                                                    {
                                                        "acc_title": "How to Change my Password easily?",
                                                        "_id": "ac0b76f"
                                                    },
                                                    {
                                                        "acc_title": "How to Change my Subscription Plan using PayPal",
                                                        "_id": "afc8adb"
                                                    }
                                                ],
                                                "ekit_accordion_right_icon_actives": {
                                                    "value": "icon icon-up-arrow1",
                                                    "library": "ekiticons"
                                                },
                                                "ekit_accordion_title_color": "#FFFFFF",
                                                "ekit_accordion_background_background": "classic",
                                                "ekit_accordion_background_color": "#B8E144",
                                                "ekit_accordion_background_color_b": "#040D17",
                                                "ekit_accordion_title_color_close": "#FFFFFF",
                                                "ekit_accordion_background_close_background": "classic",
                                                "ekit_accordion_background_close_color_b": "#040D17",
                                                "ekit_accordion_border_radious_close": {
                                                    "unit": "px",
                                                    "top": "15",
                                                    "right": "15",
                                                    "bottom": "15",
                                                    "left": "15",
                                                    "isLinked": true
                                                },
                                                "ekit_accordion_title_margin_bottom": {
                                                    "unit": "px",
                                                    "size": 17,
                                                    "sizes": []
                                                },
                                                "ekit_accordion_content_color": "#B8E144",
                                                "ekit_accordion_content_typography_typography": "custom",
                                                "ekit_accordion_content_typography_font_family": "Roboto",
                                                "ekit_accordion_content_typography_font_size": {
                                                    "unit": "px",
                                                    "size": 15,
                                                    "sizes": []
                                                },
                                                "ekit_accordion_content_typography_font_weight": "300",
                                                "ekit_accordion_content_typography_line_height": {
                                                    "unit": "px",
                                                    "size": 24,
                                                    "sizes": []
                                                },
                                                "ekit_accordion_icon_typography_close": {
                                                    "unit": "px",
                                                    "size": 12,
                                                    "sizes": []
                                                },
                                                "__globals__": {
                                                    "ekit_accordion_content_color": "globals\/colors?id=text",
                                                    "ekit_accordion_content_background_color": "",
                                                    "ekit_accordion_title_color": "globals\/colors?id=secondary",
                                                    "ekit_accordion_title_color_close": "globals\/colors?id=secondary",
                                                    "ekit_accordion_background_color_b": "globals\/colors?id=secondary",
                                                    "ekit_accordion_background_color": "globals\/colors?id=primary",
                                                    "ekit_accordion_background_close_color": "globals\/colors?id=primary",
                                                    "ekit_accordion_background_close_color_b": "globals\/colors?id=secondary",
                                                    "ekit_accordion_content_typography_typography": "globals\/typography?id=text",
                                                    "ekit_accordion_icon_color_close": "globals\/colors?id=secondary",
                                                    "ekit_accordion_title_typography_typography": "globals\/typography?id=1580bfc"
                                                }
                                            },
                                            "elements": [],
                                            "isInner": false,
                                            "widgetType": "elementskit-accordion",
                                            "elType": "widget"
                                        }
                                    ],
                                    "isInner": true,
                                    "elType": "column"
                                },
                                {
                                    "id": "640fa99e",
                                    "settings": {
                                        "_column_size": 50,
                                        "_inline_size": null,
                                        "animation": "fadeInRight"
                                    },
                                    "elements": [
                                        {
                                            "id": "53f584f3",
                                            "settings": {
                                                "ekit_accordion_items": [
                                                    {
                                                        "acc_title": "How to Change my Photo from Admin Dashboard?",
                                                        "ekit_acc_is_active": "yes",
                                                        "_id": "dda7de2"
                                                    },
                                                    {
                                                        "acc_title": "How to Change my Password easily?",
                                                        "_id": "ac0b76f"
                                                    },
                                                    {
                                                        "acc_title": "How to Change my Subscription Plan using PayPal",
                                                        "_id": "afc8adb"
                                                    }
                                                ],
                                                "ekit_accordion_right_icon_actives": {
                                                    "value": "icon icon-up-arrow1",
                                                    "library": "ekiticons"
                                                },
                                                "ekit_accordion_title_color": "#FFFFFF",
                                                "ekit_accordion_background_background": "classic",
                                                "ekit_accordion_background_color": "#B8E144",
                                                "ekit_accordion_background_color_b": "#040D17",
                                                "ekit_accordion_title_color_close": "#FFFFFF",
                                                "ekit_accordion_background_close_background": "classic",
                                                "ekit_accordion_background_close_color_b": "#040D17",
                                                "ekit_accordion_border_radious_close": {
                                                    "unit": "px",
                                                    "top": "15",
                                                    "right": "15",
                                                    "bottom": "15",
                                                    "left": "15",
                                                    "isLinked": true
                                                },
                                                "ekit_accordion_title_margin_bottom": {
                                                    "unit": "px",
                                                    "size": 17,
                                                    "sizes": []
                                                },
                                                "ekit_accordion_content_color": "#B8E144",
                                                "ekit_accordion_content_typography_typography": "custom",
                                                "ekit_accordion_content_typography_font_family": "Roboto",
                                                "ekit_accordion_content_typography_font_size": {
                                                    "unit": "px",
                                                    "size": 15,
                                                    "sizes": []
                                                },
                                                "ekit_accordion_content_typography_font_weight": "300",
                                                "ekit_accordion_content_typography_line_height": {
                                                    "unit": "px",
                                                    "size": 24,
                                                    "sizes": []
                                                },
                                                "ekit_accordion_icon_typography_close": {
                                                    "unit": "px",
                                                    "size": 12,
                                                    "sizes": []
                                                },
                                                "__globals__": {
                                                    "ekit_accordion_content_color": "globals\/colors?id=text",
                                                    "ekit_accordion_content_background_color": "",
                                                    "ekit_accordion_title_color": "globals\/colors?id=secondary",
                                                    "ekit_accordion_title_color_close": "globals\/colors?id=secondary",
                                                    "ekit_accordion_background_color_b": "globals\/colors?id=secondary",
                                                    "ekit_accordion_background_color": "globals\/colors?id=primary",
                                                    "ekit_accordion_background_close_color": "globals\/colors?id=primary",
                                                    "ekit_accordion_background_close_color_b": "globals\/colors?id=secondary",
                                                    "ekit_accordion_content_typography_typography": "globals\/typography?id=text",
                                                    "ekit_accordion_icon_color_close": "globals\/colors?id=secondary",
                                                    "ekit_accordion_title_typography_typography": "globals\/typography?id=1580bfc"
                                                }
                                            },
                                            "elements": [],
                                            "isInner": false,
                                            "widgetType": "elementskit-accordion",
                                            "elType": "widget"
                                        }
                                    ],
                                    "isInner": true,
                                    "elType": "column"
                                }
                            ],
                            "isInner": true,
                            "elType": "section"
                        }
                    ],
                    "isInner": false,
                    "elType": "column"
                }
            ],
            "isInner": false,
            "elType": "section"
        },
        {
            "id": "34fe7fd0",
            "settings": {
                "padding": {
                    "unit": "px",
                    "top": "0",
                    "right": "0",
                    "bottom": "075",
                    "left": "0",
                    "isLinked": false
                }
            },
            "elements": [
                {
                    "id": "43e09b52",
                    "settings": {
                        "_column_size": 100,
                        "_inline_size": null,
                        "__globals__": {
                            "border_color": ""
                        }
                    },
                    "elements": [
                        {
                            "id": "31f2a689",
                            "settings": {
                                "structure": "30"
                            },
                            "elements": [
                                {
                                    "id": "10f3002b",
                                    "settings": {
                                        "_column_size": 33,
                                        "_inline_size": null,
                                        "border_border": "solid",
                                        "border_width": {
                                            "unit": "px",
                                            "top": "1",
                                            "right": "1",
                                            "bottom": "1",
                                            "left": "1",
                                            "isLinked": true
                                        },
                                        "border_radius": {
                                            "unit": "px",
                                            "top": "25",
                                            "right": "25",
                                            "bottom": "25",
                                            "left": "25",
                                            "isLinked": true
                                        },
                                        "padding": {
                                            "unit": "px",
                                            "top": "25",
                                            "right": "25",
                                            "bottom": "25",
                                            "left": "25",
                                            "isLinked": true
                                        },
                                        "__globals__": {
                                            "border_color": "globals\/colors?id=d00553a"
                                        },
                                        "margin": {
                                            "unit": "px",
                                            "top": "0",
                                            "right": "020",
                                            "bottom": "0",
                                            "left": "020",
                                            "isLinked": false
                                        },
                                        "animation": "fadeInRight",
                                        "animation_duration": "fast",
                                        "animation_delay": 1000
                                    },
                                    "elements": [
                                        {
                                            "id": "20ec33cf",
                                            "settings": {
                                                "selected_icon": {
                                                    "value": "fas fa-envelope",
                                                    "library": "fa-solid"
                                                },
                                                "view": "stacked",
                                                "align": "left",
                                                "size": {
                                                    "unit": "px",
                                                    "size": 33,
                                                    "sizes": []
                                                },
                                                "__globals__": {
                                                    "primary_color": "globals\/colors?id=d00553a",
                                                    "secondary_color": "globals\/colors?id=primary"
                                                }
                                            },
                                            "elements": [],
                                            "isInner": false,
                                            "widgetType": "icon",
                                            "elType": "widget"
                                        },
                                        {
                                            "id": "1d331e58",
                                            "settings": {
                                                "title": "Ticket Support",
                                                "typography_typography": "custom",
                                                "typography_font_family": "Dela Gothic One",
                                                "typography_font_size": {
                                                    "unit": "px",
                                                    "size": 23,
                                                    "sizes": []
                                                },
                                                "__globals__": {
                                                    "title_color": "globals\/colors?id=primary",
                                                    "typography_typography": "globals\/typography?id=accent"
                                                },
                                                "align_mobile": "center"
                                            },
                                            "elements": [],
                                            "isInner": false,
                                            "widgetType": "heading",
                                            "elType": "widget"
                                        },
                                        {
                                            "id": "748e445a",
                                            "settings": {
                                                "title": "Lorem ipsum dolor sit amet, consectetur adipiscing elit. Ut elit tellus, luctus nec ullamcorper mattis, pulvinar dapibus leo.",
                                                "__globals__": {
                                                    "title_color": "globals\/colors?id=2e0aaa6",
                                                    "typography_typography": "globals\/typography?id=text"
                                                },
                                                "align_mobile": "center"
                                            },
                                            "elements": [],
                                            "isInner": false,
                                            "widgetType": "heading",
                                            "elType": "widget"
                                        },
                                        {
                                            "id": "7bfe119",
                                            "settings": {
                                                "text": "Learn more",
                                                "align_mobile": "center"
                                            },
                                            "elements": [],
                                            "isInner": false,
                                            "widgetType": "button",
                                            "elType": "widget"
                                        }
                                    ],
                                    "isInner": true,
                                    "elType": "column"
                                },
                                {
                                    "id": "586ac6a4",
                                    "settings": {
                                        "_column_size": 33,
                                        "_inline_size": null,
                                        "border_border": "solid",
                                        "border_width": {
                                            "unit": "px",
                                            "top": "1",
                                            "right": "1",
                                            "bottom": "1",
                                            "left": "1",
                                            "isLinked": true
                                        },
                                        "border_radius": {
                                            "unit": "px",
                                            "top": "25",
                                            "right": "25",
                                            "bottom": "25",
                                            "left": "25",
                                            "isLinked": true
                                        },
                                        "padding": {
                                            "unit": "px",
                                            "top": "25",
                                            "right": "25",
                                            "bottom": "25",
                                            "left": "25",
                                            "isLinked": true
                                        },
                                        "__globals__": {
                                            "border_color": "globals\/colors?id=d00553a"
                                        },
                                        "margin": {
                                            "unit": "px",
                                            "top": "0",
                                            "right": "020",
                                            "bottom": "0",
                                            "left": "020",
                                            "isLinked": false
                                        },
                                        "animation": "fadeInDown"
                                    },
                                    "elements": [
                                        {
                                            "id": "736d280d",
                                            "settings": {
                                                "selected_icon": {
                                                    "value": "fas fa-phone-alt",
                                                    "library": "fa-solid"
                                                },
                                                "view": "stacked",
                                                "align": "left",
                                                "size": {
                                                    "unit": "px",
                                                    "size": 33,
                                                    "sizes": []
                                                },
                                                "__globals__": {
                                                    "primary_color": "globals\/colors?id=d00553a",
                                                    "secondary_color": "globals\/colors?id=primary"
                                                }
                                            },
                                            "elements": [],
                                            "isInner": false,
                                            "widgetType": "icon",
                                            "elType": "widget"
                                        },
                                        {
                                            "id": "7af84bb1",
                                            "settings": {
                                                "title": "free Call <br>Centre",
                                                "typography_typography": "custom",
                                                "typography_font_family": "Dela Gothic One",
                                                "typography_font_size": {
                                                    "unit": "px",
                                                    "size": 23,
                                                    "sizes": []
                                                },
                                                "__globals__": {
                                                    "title_color": "globals\/colors?id=primary",
                                                    "typography_typography": "globals\/typography?id=accent"
                                                },
                                                "align_mobile": "center"
                                            },
                                            "elements": [],
                                            "isInner": false,
                                            "widgetType": "heading",
                                            "elType": "widget"
                                        },
                                        {
                                            "id": "6a3f63f",
                                            "settings": {
                                                "title": "Lorem ipsum dolor sit amet, consectetur adipiscing elit. Ut elit tellus, luctus nec ullamcorper mattis, pulvinar dapibus leo.",
                                                "__globals__": {
                                                    "title_color": "globals\/colors?id=2e0aaa6",
                                                    "typography_typography": "globals\/typography?id=text"
                                                },
                                                "align_mobile": "center"
                                            },
                                            "elements": [],
                                            "isInner": false,
                                            "widgetType": "heading",
                                            "elType": "widget"
                                        },
                                        {
                                            "id": "65b0b824",
                                            "settings": {
                                                "text": "Learn more",
                                                "align_mobile": "center"
                                            },
                                            "elements": [],
                                            "isInner": false,
                                            "widgetType": "button",
                                            "elType": "widget"
                                        }
                                    ],
                                    "isInner": true,
                                    "elType": "column"
                                },
                                {
                                    "id": "6cedcb8e",
                                    "settings": {
                                        "_column_size": 33,
                                        "_inline_size": null,
                                        "border_border": "solid",
                                        "border_width": {
                                            "unit": "px",
                                            "top": "1",
                                            "right": "1",
                                            "bottom": "1",
                                            "left": "1",
                                            "isLinked": true
                                        },
                                        "border_radius": {
                                            "unit": "px",
                                            "top": "25",
                                            "right": "25",
                                            "bottom": "25",
                                            "left": "25",
                                            "isLinked": true
                                        },
                                        "padding": {
                                            "unit": "px",
                                            "top": "25",
                                            "right": "25",
                                            "bottom": "25",
                                            "left": "25",
                                            "isLinked": true
                                        },
                                        "__globals__": {
                                            "border_color": "globals\/colors?id=d00553a"
                                        },
                                        "margin": {
                                            "unit": "px",
                                            "top": "0",
                                            "right": "020",
                                            "bottom": "0",
                                            "left": "020",
                                            "isLinked": false
                                        },
                                        "animation": "fadeInLeft",
                                        "animation_duration": "fast",
                                        "animation_delay": 1000
                                    },
                                    "elements": [
                                        {
                                            "id": "449e385c",
                                            "settings": {
                                                "selected_icon": {
                                                    "value": "fas fa-file",
                                                    "library": "fa-solid"
                                                },
                                                "view": "stacked",
                                                "align": "left",
                                                "size": {
                                                    "unit": "px",
                                                    "size": 33,
                                                    "sizes": []
                                                },
                                                "__globals__": {
                                                    "primary_color": "globals\/colors?id=d00553a",
                                                    "secondary_color": "globals\/colors?id=primary"
                                                }
                                            },
                                            "elements": [],
                                            "isInner": false,
                                            "widgetType": "icon",
                                            "elType": "widget"
                                        },
                                        {
                                            "id": "2066b19f",
                                            "settings": {
                                                "title": "news<br>update",
                                                "typography_typography": "custom",
                                                "typography_font_family": "Dela Gothic One",
                                                "typography_font_size": {
                                                    "unit": "px",
                                                    "size": 23,
                                                    "sizes": []
                                                },
                                                "__globals__": {
                                                    "title_color": "globals\/colors?id=primary",
                                                    "typography_typography": "globals\/typography?id=accent"
                                                },
                                                "align_mobile": "center"
                                            },
                                            "elements": [],
                                            "isInner": false,
                                            "widgetType": "heading",
                                            "elType": "widget"
                                        },
                                        {
                                            "id": "4b57c38e",
                                            "settings": {
                                                "title": "Lorem ipsum dolor sit amet, consectetur adipiscing elit. Ut elit tellus, luctus nec ullamcorper mattis, pulvinar dapibus leo.",
                                                "__globals__": {
                                                    "title_color": "globals\/colors?id=2e0aaa6",
                                                    "typography_typography": "globals\/typography?id=text"
                                                },
                                                "align_mobile": "center"
                                            },
                                            "elements": [],
                                            "isInner": false,
                                            "widgetType": "heading",
                                            "elType": "widget"
                                        },
                                        {
                                            "id": "75444e46",
                                            "settings": {
                                                "text": "Learn more",
                                                "align_mobile": "center"
                                            },
                                            "elements": [],
                                            "isInner": false,
                                            "widgetType": "button",
                                            "elType": "widget"
                                        }
                                    ],
                                    "isInner": true,
                                    "elType": "column"
                                }
                            ],
                            "isInner": true,
                            "elType": "section"
                        }
                    ],
                    "isInner": false,
                    "elType": "column"
                }
            ],
            "isInner": false,
            "elType": "section"
        }
    ]
}