{
    "version": "0.4",
    "title": "Footer",
    "type": "footer",
    "metadata": {
        "template_type": "section-footer",
        "include_in_zip": "1",
        "elementor_pro_required": "1",
        "elementor_library_type": "footer",
        "elementor_pro_conditions": [
            "include\/general"
        ],
        "additional_template_information": [
            "This is a \"Footer\" template for Elementor Pro.",
            "This template will display on: Entire Site."
        ],
        "wp_page_template": "default"
    },
    "content": [
        {
            "id": "3245e6d1",
            "settings": {
                "structure": "50",
                "padding": {
                    "unit": "px",
                    "top": "050",
                    "right": "0",
                    "bottom": "75",
                    "left": "0",
                    "isLinked": false
                }
            },
            "elements": [
                {
                    "id": "381ba315",
                    "settings": {
                        "_column_size": 20,
                        "_inline_size": null
                    },
                    "elements": [
                        {
                            "id": "5698db3c",
                            "settings": {
                                "image": {
                                    "url": "http:\/\/kit.nirmanavisual.com\/skatecourse\/wp-content\/uploads\/sites\/26\/2023\/07\/LOGO-SkateCourse.png",
                                    "id": 170,
                                    "alt": "",
                                    "source": "library"
                                },
                                "align": "left",
                                "width": {
                                    "unit": "%",
                                    "size": 71,
                                    "sizes": []
                                }
                            },
                            "elements": [],
                            "isInner": false,
                            "widgetType": "image",
                            "elType": "widget"
                        },
                        {
                            "id": "476baaa",
                            "settings": {
                                "text_color": "#FFFFFF",
                                "typography_typography": "custom",
                                "typography_font_family": "Roboto",
                                "typography_font_size": {
                                    "unit": "px",
                                    "size": 14,
                                    "sizes": []
                                },
                                "typography_font_weight": "400",
                                "typography_line_height": {
                                    "unit": "px",
                                    "size": 22,
                                    "sizes": []
                                }
                            },
                            "elements": [],
                            "isInner": false,
                            "widgetType": "text-editor",
                            "elType": "widget"
                        },
                        {
                            "id": "674f7105",
                            "settings": {
                                "social_icon_list": [
                                    {
                                        "social_icon": {
                                            "value": "fab fa-facebook",
                                            "library": "fa-brands"
                                        },
                                        "_id": "f3bfd1d"
                                    },
                                    {
                                        "social_icon": {
                                            "value": "fab fa-twitter",
                                            "library": "fa-brands"
                                        },
                                        "_id": "d6e6092"
                                    },
                                    {
                                        "social_icon": {
                                            "value": "fab fa-youtube",
                                            "library": "fa-brands"
                                        },
                                        "_id": "beb7713"
                                    },
                                    {
                                        "_id": "4d184af",
                                        "social_icon": {
                                            "value": "fab fa-instagram",
                                            "library": "fa-brands"
                                        }
                                    }
                                ],
                                "shape": "circle",
                                "align": "left",
                                "icon_color": "custom",
                                "icon_size": {
                                    "unit": "px",
                                    "size": 17,
                                    "sizes": []
                                },
                                "__globals__": {
                                    "icon_primary_color": "globals\/colors?id=primary",
                                    "icon_secondary_color": "globals\/colors?id=secondary"
                                }
                            },
                            "elements": [],
                            "isInner": false,
                            "widgetType": "social-icons",
                            "elType": "widget"
                        }
                    ],
                    "isInner": false,
                    "elType": "column"
                },
                {
                    "id": "31b259a7",
                    "settings": {
                        "_column_size": 20,
                        "_inline_size": null
                    },
                    "elements": [],
                    "isInner": false,
                    "elType": "column"
                },
                {
                    "id": "6ffae9bf",
                    "settings": {
                        "_column_size": 20,
                        "_inline_size": null
                    },
                    "elements": [
                        {
                            "id": "499f665c",
                            "settings": {
                                "title": "Quick Link",
                                "typography_typography": "custom",
                                "typography_font_family": "Roboto",
                                "typography_font_size": {
                                    "unit": "px",
                                    "size": 19,
                                    "sizes": []
                                },
                                "typography_font_weight": "700",
                                "__globals__": {
                                    "title_color": "globals\/colors?id=primary"
                                }
                            },
                            "elements": [],
                            "isInner": false,
                            "widgetType": "heading",
                            "elType": "widget"
                        },
                        {
                            "id": "37d3787f",
                            "settings": {
                                "icon_list": [
                                    {
                                        "text": "About",
                                        "selected_icon": {
                                            "value": "",
                                            "library": ""
                                        },
                                        "_id": "a56b703"
                                    },
                                    {
                                        "text": "Service",
                                        "selected_icon": {
                                            "value": "",
                                            "library": ""
                                        },
                                        "_id": "1432648"
                                    },
                                    {
                                        "text": "Pricing",
                                        "selected_icon": {
                                            "value": "",
                                            "library": ""
                                        },
                                        "_id": "7add5f9"
                                    },
                                    {
                                        "_id": "da98839",
                                        "text": "Blog",
                                        "selected_icon": {
                                            "value": "",
                                            "library": ""
                                        }
                                    },
                                    {
                                        "_id": "4ea5e27",
                                        "text": "Contact",
                                        "selected_icon": {
                                            "value": "",
                                            "library": ""
                                        }
                                    }
                                ],
                                "text_color": "#FFFFFF",
                                "icon_typography_typography": "custom",
                                "icon_typography_font_family": "Roboto",
                                "icon_typography_font_size": {
                                    "unit": "px",
                                    "size": 16,
                                    "sizes": []
                                },
                                "icon_typography_font_weight": "400",
                                "icon_typography_line_height": {
                                    "unit": "px",
                                    "size": 22,
                                    "sizes": []
                                },
                                "__globals__": {
                                    "text_color": "globals\/colors?id=text"
                                }
                            },
                            "elements": [],
                            "isInner": false,
                            "widgetType": "icon-list",
                            "elType": "widget"
                        }
                    ],
                    "isInner": false,
                    "elType": "column"
                },
                {
                    "id": "4335d1f7",
                    "settings": {
                        "_column_size": 20,
                        "_inline_size": null
                    },
                    "elements": [
                        {
                            "id": "7b9ab96e",
                            "settings": {
                                "title": "Support",
                                "typography_typography": "custom",
                                "typography_font_family": "Roboto",
                                "typography_font_size": {
                                    "unit": "px",
                                    "size": 19,
                                    "sizes": []
                                },
                                "typography_font_weight": "700",
                                "__globals__": {
                                    "title_color": "globals\/colors?id=primary"
                                }
                            },
                            "elements": [],
                            "isInner": false,
                            "widgetType": "heading",
                            "elType": "widget"
                        },
                        {
                            "id": "36515d71",
                            "settings": {
                                "icon_list": [
                                    {
                                        "text": "Privacy Policy",
                                        "selected_icon": {
                                            "value": "",
                                            "library": ""
                                        },
                                        "_id": "a56b703"
                                    },
                                    {
                                        "text": "Term & Condition",
                                        "selected_icon": {
                                            "value": "",
                                            "library": ""
                                        },
                                        "_id": "1432648"
                                    },
                                    {
                                        "text": "Disclaimer",
                                        "selected_icon": {
                                            "value": "",
                                            "library": ""
                                        },
                                        "_id": "7add5f9"
                                    },
                                    {
                                        "_id": "da98839",
                                        "text": "Support",
                                        "selected_icon": {
                                            "value": "",
                                            "library": ""
                                        }
                                    },
                                    {
                                        "_id": "4ea5e27",
                                        "text": "FAQ",
                                        "selected_icon": {
                                            "value": "",
                                            "library": ""
                                        }
                                    }
                                ],
                                "text_color": "#FFFFFF",
                                "icon_typography_typography": "custom",
                                "icon_typography_font_family": "Roboto",
                                "icon_typography_font_size": {
                                    "unit": "px",
                                    "size": 16,
                                    "sizes": []
                                },
                                "icon_typography_font_weight": "400",
                                "icon_typography_line_height": {
                                    "unit": "px",
                                    "size": 22,
                                    "sizes": []
                                },
                                "__globals__": {
                                    "text_color": "globals\/colors?id=text"
                                }
                            },
                            "elements": [],
                            "isInner": false,
                            "widgetType": "icon-list",
                            "elType": "widget"
                        }
                    ],
                    "isInner": false,
                    "elType": "column"
                },
                {
                    "id": "57dfed71",
                    "settings": {
                        "_column_size": 20,
                        "_inline_size": null
                    },
                    "elements": [
                        {
                            "id": "73f93b27",
                            "settings": {
                                "title": "Contact",
                                "typography_typography": "custom",
                                "typography_font_family": "Roboto",
                                "typography_font_size": {
                                    "unit": "px",
                                    "size": 19,
                                    "sizes": []
                                },
                                "typography_font_weight": "700",
                                "__globals__": {
                                    "title_color": "globals\/colors?id=primary"
                                }
                            },
                            "elements": [],
                            "isInner": false,
                            "widgetType": "heading",
                            "elType": "widget"
                        },
                        {
                            "id": "72cf5d53",
                            "settings": {
                                "icon_list": [
                                    {
                                        "text": "info@support.com",
                                        "selected_icon": {
                                            "value": "",
                                            "library": ""
                                        },
                                        "_id": "a56b703"
                                    },
                                    {
                                        "text": "+(0361) 234 567 ",
                                        "selected_icon": {
                                            "value": "",
                                            "library": ""
                                        },
                                        "_id": "1432648"
                                    },
                                    {
                                        "text": "Jalan Raya Sunset Road Denpasar, Bali",
                                        "selected_icon": {
                                            "value": "",
                                            "library": ""
                                        },
                                        "_id": "7add5f9"
                                    }
                                ],
                                "text_color": "#FFFFFF",
                                "icon_typography_typography": "custom",
                                "icon_typography_font_family": "Roboto",
                                "icon_typography_font_size": {
                                    "unit": "px",
                                    "size": 16,
                                    "sizes": []
                                },
                                "icon_typography_font_weight": "400",
                                "icon_typography_line_height": {
                                    "unit": "px",
                                    "size": 22,
                                    "sizes": []
                                },
                                "__globals__": {
                                    "text_color": "globals\/colors?id=text"
                                }
                            },
                            "elements": [],
                            "isInner": false,
                            "widgetType": "icon-list",
                            "elType": "widget"
                        }
                    ],
                    "isInner": false,
                    "elType": "column"
                }
            ],
            "isInner": false,
            "elType": "section"
        }
    ]
}