{
    "version": "0.4",
    "title": "Global Kit Styles",
    "type": "section",
    "metadata": {
        "template_type": "global-styles",
        "include_in_zip": "1",
        "elementor_pro_required": null,
        "additional_template_information": [
            "These are the global theme styles configured through the Elementor Theme Styles area."
        ],
        "wp_page_template": "default"
    },
    "content": [],
    "page_settings": {
        "system_colors": [
            {
                "_id": "primary",
                "title": "Primary",
                "color": "#B8E144"
            },
            {
                "_id": "secondary",
                "title": "Secondary",
                "color": "#040D17"
            },
            {
                "_id": "text",
                "title": "White",
                "color": "#FFFFFF"
            },
            {
                "_id": "accent",
                "title": "Accent",
                "color": "#F5FAE7"
            }
        ],
        "custom_colors": [
            {
                "_id": "6ea1e71",
                "title": "Shade",
                "color": "#1A2624"
            },
            {
                "_id": "2e0aaa6",
                "title": "Grey1",
                "color": "#DEDEDE"
            },
            {
                "_id": "aeb112b",
                "title": "Grey 2",
                "color": "#999999"
            },
            {
                "_id": "ad74f69",
                "title": "Grey 3",
                "color": "#333232"
            },
            {
                "_id": "840958e",
                "title": "Blur",
                "color": "#B8E14429"
            },
            {
                "_id": "6f20a66",
                "title": "Header",
                "color": "#0F2000"
            },
            {
                "_id": "d00553a",
                "title": "Purple",
                "color": "#5C1CEC"
            }
        ],
        "system_typography": [
            {
                "_id": "primary",
                "title": "H1 Heading",
                "typography_typography": "custom",
                "typography_font_family": "Dela Gothic One",
                "typography_font_weight": "400",
                "typography_font_size": {
                    "unit": "px",
                    "size": 40,
                    "sizes": []
                },
                "typography_text_transform": "uppercase",
                "typography_line_height": {
                    "unit": "px",
                    "size": 55,
                    "sizes": []
                }
            },
            {
                "_id": "text",
                "title": "Text",
                "typography_typography": "custom",
                "typography_font_family": "Roboto",
                "typography_font_weight": "300",
                "typography_font_size": {
                    "unit": "px",
                    "size": 15,
                    "sizes": []
                },
                "typography_line_height": {
                    "unit": "px",
                    "size": 24,
                    "sizes": []
                },
                "typography_text_transform": "none"
            },
            {
                "_id": "accent",
                "title": "Accent",
                "typography_typography": "custom",
                "typography_font_family": "Dela Gothic One",
                "typography_font_weight": "400",
                "typography_font_size": {
                    "unit": "px",
                    "size": 24,
                    "sizes": []
                },
                "typography_line_height": {
                    "unit": "px",
                    "size": 28,
                    "sizes": []
                },
                "typography_text_transform": "uppercase"
            },
            {
                "_id": "secondary",
                "title": "Button",
                "typography_typography": "custom",
                "typography_font_family": "Roboto",
                "typography_font_weight": "500",
                "typography_font_size": {
                    "unit": "px",
                    "size": 15,
                    "sizes": []
                },
                "typography_text_transform": "uppercase"
            }
        ],
        "custom_typography": [
            {
                "_id": "eced8cb",
                "title": "Footer Text",
                "typography_typography": "custom",
                "typography_font_family": "Roboto",
                "typography_font_size": {
                    "unit": "px",
                    "size": 14,
                    "sizes": []
                },
                "typography_font_weight": "400",
                "typography_line_height": {
                    "unit": "px",
                    "size": 22,
                    "sizes": []
                }
            },
            {
                "_id": "6b76955",
                "title": "Footer Heading",
                "typography_typography": "custom",
                "typography_font_family": "Roboto",
                "typography_font_size": {
                    "unit": "px",
                    "size": 19,
                    "sizes": []
                },
                "typography_font_weight": "700"
            },
            {
                "_id": "8db623a",
                "title": "H2 Heading",
                "typography_typography": "custom",
                "typography_font_family": "Dela Gothic One",
                "typography_font_size": {
                    "unit": "px",
                    "size": 32,
                    "sizes": []
                },
                "typography_font_weight": "500",
                "typography_line_height": {
                    "unit": "px",
                    "size": 36,
                    "sizes": []
                },
                "typography_text_transform": "uppercase"
            },
            {
                "_id": "1580bfc",
                "title": "Testimonial Name",
                "typography_typography": "custom",
                "typography_font_family": "Roboto",
                "typography_font_size": {
                    "unit": "px",
                    "size": 16,
                    "sizes": []
                },
                "typography_font_weight": "700"
            },
            {
                "_id": "f6acd0c",
                "title": "Hero box",
                "typography_typography": "custom",
                "typography_font_family": "Roboto",
                "typography_font_size": {
                    "unit": "px",
                    "size": 11,
                    "sizes": []
                },
                "typography_text_transform": "uppercase"
            },
            {
                "_id": "e9717f7",
                "title": "Header Text",
                "typography_typography": "custom",
                "typography_font_family": "Roboto",
                "typography_font_size": {
                    "unit": "px",
                    "size": 13,
                    "sizes": []
                }
            },
            {
                "_id": "2f06733",
                "title": "Text Form",
                "typography_typography": "custom",
                "typography_font_family": "Roboto",
                "typography_font_size": {
                    "unit": "px",
                    "size": 14,
                    "sizes": []
                },
                "typography_line_height": {
                    "unit": "px",
                    "size": 15,
                    "sizes": []
                }
            }
        ],
        "default_generic_fonts": "Sans-serif",
        "page_title_selector": "h1.entry-title",
        "hello_footer_copyright_text": "All rights reserved",
        "activeItemIndex": 7,
        "viewport_md": 768,
        "viewport_lg": 1025,
        "body_background_background": "classic",
        "__globals__": {
            "body_background_color": "globals\/colors?id=secondary",
            "button_typography_typography": "globals\/typography?id=secondary",
            "button_background_color": "globals\/colors?id=primary",
            "button_text_color": "globals\/colors?id=secondary",
            "body_typography_typography": "",
            "body_color": "",
            "link_normal_typography_typography": "",
            "h1_typography_typography": "globals\/typography?id=primary",
            "h1_color": "globals\/colors?id=text",
            "h2_color": "globals\/colors?id=text",
            "h2_typography_typography": "globals\/typography?id=8db623a",
            "link_normal_color": "globals\/colors?id=text",
            "h3_typography_typography": "globals\/typography?id=accent",
            "h3_color": "globals\/colors?id=text",
            "h4_typography_typography": "globals\/typography?id=6b76955",
            "h4_color": "globals\/colors?id=text",
            "button_hover_background_color": "globals\/colors?id=text",
            "button_hover_text_color": "globals\/colors?id=secondary"
        },
        "button_text_color": "#040D17",
        "button_background_color": "#B8E144",
        "body_background_color": "#040D17",
        "button_border_radius": {
            "unit": "px",
            "top": "99",
            "right": "99",
            "bottom": "99",
            "left": "99",
            "isLinked": true
        },
        "button_padding": {
            "unit": "px",
            "top": "010",
            "right": "15",
            "bottom": "010",
            "left": "15",
            "isLinked": false
        },
        "body_typography_font_family": "Dela Gothic One",
        "body_typography_font_size": {
            "unit": "px",
            "size": 40,
            "sizes": []
        },
        "body_typography_font_weight": "400",
        "body_typography_text_transform": "uppercase",
        "body_typography_line_height": {
            "unit": "px",
            "size": 55,
            "sizes": []
        },
        "link_normal_typography_font_family": "Dela Gothic One",
        "link_normal_typography_font_size": {
            "unit": "px",
            "size": 24,
            "sizes": []
        },
        "link_normal_typography_font_weight": "400",
        "link_normal_typography_text_transform": "uppercase",
        "link_normal_typography_line_height": {
            "unit": "px",
            "size": 28,
            "sizes": []
        },
        "h1_color": "#FFFFFF",
        "h1_typography_typography": "custom",
        "h1_typography_font_family": "Dela Gothic One",
        "h1_typography_font_size": {
            "unit": "px",
            "size": 40,
            "sizes": []
        },
        "h1_typography_font_weight": "400",
        "h1_typography_text_transform": "uppercase",
        "h1_typography_line_height": {
            "unit": "px",
            "size": 55,
            "sizes": []
        },
        "h2_color": "#FFFFFF",
        "h2_typography_typography": "custom",
        "h2_typography_font_family": "Dela Gothic One",
        "h2_typography_font_size": {
            "unit": "px",
            "size": 32,
            "sizes": []
        },
        "h2_typography_font_weight": "500",
        "h2_typography_line_height": {
            "unit": "px",
            "size": 36,
            "sizes": []
        },
        "h2_typography_word_spacing": {
            "unit": "em",
            "size": "",
            "sizes": []
        },
        "button_typography_typography": "custom",
        "button_typography_font_family": "Roboto",
        "button_typography_font_size": {
            "unit": "px",
            "size": 15,
            "sizes": []
        },
        "button_typography_font_weight": "500",
        "button_typography_text_transform": "uppercase"
    }
}