{
    "version": "0.4",
    "title": "Header",
    "type": "header",
    "metadata": {
        "template_type": "section-header",
        "include_in_zip": "1",
        "elementor_pro_required": "1",
        "elementor_library_type": "header",
        "elementor_pro_conditions": [
            "include\/general"
        ],
        "additional_template_information": [
            "This is a \"Header\" template for Elementor Pro.",
            "This template will display on: Entire Site."
        ],
        "wp_page_template": "default"
    },
    "content": [
        {
            "id": "33547953",
            "settings": [],
            "elements": [
                {
                    "id": "622f33f",
                    "settings": {
                        "_column_size": 100,
                        "_inline_size": null
                    },
                    "elements": [
                        {
                            "id": "5e78ab9c",
                            "settings": {
                                "structure": "20"
                            },
                            "elements": [
                                {
                                    "id": "381fa5a6",
                                    "settings": {
                                        "_column_size": 50,
                                        "_inline_size": 47.677
                                    },
                                    "elements": [
                                        {
                                            "id": "272368cb",
                                            "settings": {
                                                "view": "inline",
                                                "icon_list": [
                                                    {
                                                        "text": "08 AM - 10 PM",
                                                        "selected_icon": {
                                                            "value": "fas fa-clock",
                                                            "library": "fa-solid"
                                                        },
                                                        "_id": "959e335"
                                                    }
                                                ],
                                                "__globals__": {
                                                    "icon_color": "globals\/colors?id=primary",
                                                    "text_color": "globals\/colors?id=text",
                                                    "icon_typography_typography": "globals\/typography?id=e9717f7"
                                                },
                                                "icon_color": "#B8E144",
                                                "text_color": "#FFFFFF"
                                            },
                                            "elements": [],
                                            "isInner": false,
                                            "widgetType": "icon-list",
                                            "elType": "widget"
                                        }
                                    ],
                                    "isInner": true,
                                    "elType": "column"
                                },
                                {
                                    "id": "54fdd189",
                                    "settings": {
                                        "_column_size": 50,
                                        "_inline_size": 52.28
                                    },
                                    "elements": [
                                        {
                                            "id": "3edc52c0",
                                            "settings": {
                                                "view": "inline",
                                                "icon_list": [
                                                    {
                                                        "_id": "b4d0f20",
                                                        "text": "Get Our Apps",
                                                        "selected_icon": {
                                                            "value": "",
                                                            "library": ""
                                                        }
                                                    }
                                                ],
                                                "icon_align": "right",
                                                "__globals__": {
                                                    "text_color": "globals\/colors?id=text",
                                                    "icon_typography_typography": "globals\/typography?id=e9717f7"
                                                }
                                            },
                                            "elements": [],
                                            "isInner": false,
                                            "widgetType": "icon-list",
                                            "elType": "widget"
                                        }
                                    ],
                                    "isInner": true,
                                    "elType": "column"
                                }
                            ],
                            "isInner": true,
                            "elType": "section"
                        },
                        {
                            "id": "5f3687f0",
                            "settings": {
                                "structure": "30",
                                "background_background": "classic",
                                "exad_enable_glass_effect": "yes",
                                "border_radius": {
                                    "unit": "px",
                                    "top": "15",
                                    "right": "15",
                                    "bottom": "15",
                                    "left": "15",
                                    "isLinked": true
                                },
                                "__globals__": {
                                    "background_color": "globals\/colors?id=6f20a66"
                                }
                            },
                            "elements": [
                                {
                                    "id": "7a579d3c",
                                    "settings": {
                                        "_column_size": 33,
                                        "_inline_size": 16.994,
                                        "content_position": "center",
                                        "_inline_size_mobile": 50
                                    },
                                    "elements": [
                                        {
                                            "id": "10d1389f",
                                            "settings": {
                                                "image": {
                                                    "url": "http:\/\/kit.nirmanavisual.com\/skatecourse\/wp-content\/uploads\/sites\/26\/2023\/07\/Logo-White.png",
                                                    "id": 528,
                                                    "alt": "",
                                                    "source": "library"
                                                },
                                                "width": {
                                                    "unit": "%",
                                                    "size": 63,
                                                    "sizes": []
                                                },
                                                "width_mobile": {
                                                    "unit": "%",
                                                    "size": 50,
                                                    "sizes": []
                                                },
                                                "link_to": "custom",
                                                "link": {
                                                    "url": "https:\/\/kit.nirmanavisual.com\/skatecourse\/template-kit\/home\/",
                                                    "is_external": "",
                                                    "nofollow": "",
                                                    "custom_attributes": ""
                                                }
                                            },
                                            "elements": [],
                                            "isInner": false,
                                            "widgetType": "image",
                                            "elType": "widget"
                                        }
                                    ],
                                    "isInner": true,
                                    "elType": "column"
                                },
                                {
                                    "id": "7ba22f20",
                                    "settings": {
                                        "_column_size": 33,
                                        "_inline_size": 69.249,
                                        "_inline_size_mobile": 50
                                    },
                                    "elements": [
                                        {
                                            "id": "11563a72",
                                            "settings": {
                                                "elementskit_nav_menu": "menu-header",
                                                "elementskit_main_menu_position": "elementskit-menu-po-center",
                                                "elementskit_menubar_height": {
                                                    "unit": "px",
                                                    "size": 50,
                                                    "sizes": []
                                                },
                                                "elementskit_content_typography_typography": "custom",
                                                "elementskit_content_typography_font_family": "Roboto",
                                                "elementskit_content_typography_font_size": {
                                                    "unit": "px",
                                                    "size": 15,
                                                    "sizes": []
                                                },
                                                "elementskit_content_typography_font_weight": "300",
                                                "elementskit_content_typography_line_height": {
                                                    "unit": "px",
                                                    "size": 24,
                                                    "sizes": []
                                                },
                                                "elementskit_menu_text_color": "#FFFFFF",
                                                "elementskit_style_tab_submenu_indicator_color": "#B8E144",
                                                "elementskit_submenu_container_background_background": "classic",
                                                "elementskit_submenu_container_width": "150px",
                                                "elementskit_menu_toggle_icon_color": "",
                                                "__globals__": {
                                                    "elementskit_content_typography_typography": "globals\/typography?id=1580bfc",
                                                    "elementskit_menu_text_color": "globals\/colors?id=text",
                                                    "elementskit_style_tab_submenu_indicator_color": "globals\/colors?id=primary",
                                                    "elementskit_submenu_item_color": "globals\/colors?id=text",
                                                    "elementskit_submenu_container_background_color": "globals\/colors?id=6f20a66",
                                                    "elementskit_item_color_hover": "globals\/colors?id=primary",
                                                    "elementskit_menu_item_typography_typography": "globals\/typography?id=1580bfc",
                                                    "elementskit_item_text_color_hover": "",
                                                    "elementskit_menu_toggle_icon_color_hover": "",
                                                    "elementskit_panel_submenu_border_color": "globals\/colors?id=6f20a66"
                                                },
                                                "elementskit_item_color_hover": "#B8E144",
                                                "elementskit_item_text_color_hover": "",
                                                "sub_panel_padding": {
                                                    "unit": "px",
                                                    "top": "",
                                                    "right": "",
                                                    "bottom": "",
                                                    "left": "",
                                                    "isLinked": true
                                                },
                                                "elementskit_menu_toggle_icon_color_hover": "",
                                                "elementskit_menu_close_icon_color": "",
                                                "elementskit_nav_menu_active_text_color": "",
                                                "elementskit_menu_item_typography_typography": "custom",
                                                "elementskit_menu_item_typography_font_family": "Roboto",
                                                "elementskit_menu_item_typography_font_size": {
                                                    "unit": "px",
                                                    "size": 15,
                                                    "sizes": []
                                                },
                                                "elementskit_menu_item_typography_font_weight": "300",
                                                "elementskit_menu_item_typography_line_height": {
                                                    "unit": "px",
                                                    "size": 24,
                                                    "sizes": []
                                                },
                                                "elementskit_submenu_item_color": "#FFFFFF",
                                                "elementskit_nav_sub_menu_active_text_color": "",
                                                "elementskit_panel_submenu_border_border": "solid",
                                                "elementskit_panel_submenu_border_width": {
                                                    "unit": "px",
                                                    "top": "1",
                                                    "right": "1",
                                                    "bottom": "1",
                                                    "left": "1",
                                                    "isLinked": true
                                                }
                                            },
                                            "elements": [],
                                            "isInner": false,
                                            "widgetType": "ekit-nav-menu",
                                            "elType": "widget"
                                        }
                                    ],
                                    "isInner": true,
                                    "elType": "column"
                                },
                                {
                                    "id": "269911e6",
                                    "settings": {
                                        "_column_size": 33,
                                        "_inline_size": 13.423,
                                        "content_position": "center"
                                    },
                                    "elements": [
                                        {
                                            "id": "20b62537",
                                            "settings": {
                                                "text": "Contact Us",
                                                "align": "right"
                                            },
                                            "elements": [],
                                            "isInner": false,
                                            "widgetType": "button",
                                            "elType": "widget"
                                        }
                                    ],
                                    "isInner": true,
                                    "elType": "column"
                                }
                            ],
                            "isInner": true,
                            "elType": "section"
                        }
                    ],
                    "isInner": false,
                    "elType": "column"
                }
            ],
            "isInner": false,
            "elType": "section"
        }
    ]
}