{
    "version": "0.4",
    "title": "News",
    "type": "page",
    "metadata": {
        "template_type": "single-page",
        "include_in_zip": "1",
        "elementor_pro_required": null,
        "wp_page_template": "elementor_header_footer"
    },
    "content": [
        {
            "id": "6d791bb7",
            "settings": {
                "padding": {
                    "unit": "px",
                    "top": "075",
                    "right": "0",
                    "bottom": "075",
                    "left": "0",
                    "isLinked": false
                }
            },
            "elements": [
                {
                    "id": "3c1966ef",
                    "settings": {
                        "_column_size": 100,
                        "_inline_size": null
                    },
                    "elements": [
                        {
                            "id": "141255bd",
                            "settings": {
                                "title": "News",
                                "align": "center",
                                "_margin": {
                                    "unit": "px",
                                    "top": "0",
                                    "right": "0",
                                    "bottom": "0",
                                    "left": "0",
                                    "isLinked": false
                                },
                                "__globals__": {
                                    "title_color": "globals\/colors?id=text",
                                    "typography_typography": "globals\/typography?id=primary"
                                },
                                "_animation": "fadeInUp"
                            },
                            "elements": [],
                            "isInner": false,
                            "widgetType": "heading",
                            "elType": "widget"
                        },
                        {
                            "id": "7851e49",
                            "settings": {
                                "editor": "<p>Lorem ipsum dolor sit amet consectetur. Volutpat odio tellus neque arcu ac<\/p>",
                                "_element_custom_width": {
                                    "unit": "%",
                                    "size": 100,
                                    "sizes": []
                                },
                                "align_mobile": "center",
                                "__globals__": {
                                    "typography_typography": "globals\/typography?id=text",
                                    "text_color": "globals\/colors?id=primary"
                                },
                                "align": "center",
                                "typography_typography": "custom",
                                "typography_font_family": "Roboto",
                                "typography_font_size": {
                                    "unit": "px",
                                    "size": 15,
                                    "sizes": []
                                },
                                "typography_font_weight": "300",
                                "typography_text_transform": "none",
                                "typography_line_height": {
                                    "unit": "px",
                                    "size": 24,
                                    "sizes": []
                                },
                                "_animation": "fadeInUp"
                            },
                            "elements": [],
                            "isInner": false,
                            "widgetType": "text-editor",
                            "elType": "widget"
                        }
                    ],
                    "isInner": false,
                    "elType": "column"
                }
            ],
            "isInner": false,
            "elType": "section"
        },
        {
            "id": "13da1381",
            "settings": [],
            "elements": [
                {
                    "id": "6aae27a1",
                    "settings": {
                        "_column_size": 100,
                        "_inline_size": null
                    },
                    "elements": [
                        {
                            "id": "7cef81b6",
                            "settings": {
                                "ekit_blog_posts_layout_style": "elementskit-post-image-card",
                                "ekit_blog_posts_content_trim": 12,
                                "ekit_blog_posts_num": 6,
                                "ekit_blog_posts_cats": [
                                    "1"
                                ],
                                "ekit_blog_posts_btn_text": "Learn more ",
                                "ekit_blog_posts_margin": {
                                    "unit": "px",
                                    "top": "0",
                                    "right": "0",
                                    "bottom": "35",
                                    "left": "0",
                                    "isLinked": false
                                },
                                "ekit_blog_posts_text_content_wraper_padding": {
                                    "unit": "px",
                                    "top": "0",
                                    "right": "20",
                                    "bottom": "40",
                                    "left": "20",
                                    "isLinked": false
                                },
                                "__globals__": {
                                    "ekit_blog_posts_btn_typography_typography": "globals\/typography?id=2f06733",
                                    "ekit_blog_posts_btn_text_color": "globals\/colors?id=text",
                                    "ekit_blog_posts_content_background": "",
                                    "ekit_blog_posts_background_color": "globals\/colors?id=primary",
                                    "ekit_blog_posts_title_color": "globals\/colors?id=secondary",
                                    "ekit_blog_posts_btn_bg_color_color": "globals\/colors?id=secondary",
                                    "ekit_blog_posts_content_color": "globals\/colors?id=secondary",
                                    "ekit_blog_posts_content_typography_typography": "globals\/typography?id=text",
                                    "ekit_blog_posts_title_typography_typography": "globals\/typography?id=6b76955"
                                },
                                "ekit_blog_posts_background_background": "classic",
                                "ekit_blog_posts_btn_bg_color_background": "classic",
                                "ekit_blog_posts_btn_border_radius": {
                                    "unit": "px",
                                    "top": "25",
                                    "right": "25",
                                    "bottom": "25",
                                    "left": "25",
                                    "isLinked": true
                                },
                                "ekit_blog_posts_title_margin": {
                                    "unit": "px",
                                    "top": "0",
                                    "right": "0",
                                    "bottom": "0",
                                    "left": "0",
                                    "isLinked": false
                                },
                                "ekit_blog_posts_content_margin": {
                                    "unit": "px",
                                    "top": "15",
                                    "right": "0",
                                    "bottom": "17",
                                    "left": "0",
                                    "isLinked": false
                                },
                                "ekit_blog_posts_background_color": "#B8E144",
                                "ekit_blog_posts_title_color": "#040D17",
                                "ekit_blog_posts_content_color": "#040D17"
                            },
                            "elements": [],
                            "isInner": false,
                            "widgetType": "elementskit-blog-posts",
                            "elType": "widget"
                        }
                    ],
                    "isInner": false,
                    "elType": "column"
                }
            ],
            "isInner": false,
            "elType": "section"
        }
    ]
}