{
    "version": "0.4",
    "title": "Pricing",
    "type": "page",
    "metadata": {
        "template_type": "single-page",
        "include_in_zip": "1",
        "elementor_pro_required": null,
        "wp_page_template": "elementor_header_footer"
    },
    "content": [
        {
            "id": "791da250",
            "settings": {
                "padding": {
                    "unit": "px",
                    "top": "075",
                    "right": "0",
                    "bottom": "075",
                    "left": "0",
                    "isLinked": false
                }
            },
            "elements": [
                {
                    "id": "42570900",
                    "settings": {
                        "_column_size": 100,
                        "_inline_size": null
                    },
                    "elements": [
                        {
                            "id": "1af55ac",
                            "settings": {
                                "title": "Pricing",
                                "align": "center",
                                "_margin": {
                                    "unit": "px",
                                    "top": "0",
                                    "right": "0",
                                    "bottom": "0",
                                    "left": "0",
                                    "isLinked": false
                                },
                                "__globals__": {
                                    "title_color": "globals\/colors?id=text",
                                    "typography_typography": "globals\/typography?id=primary"
                                },
                                "_animation": "fadeInUp"
                            },
                            "elements": [],
                            "isInner": false,
                            "widgetType": "heading",
                            "elType": "widget"
                        },
                        {
                            "id": "632c7cdb",
                            "settings": {
                                "editor": "<p>Lorem ipsum dolor sit amet consectetur. Volutpat odio tellus neque arcu ac<\/p>",
                                "_element_custom_width": {
                                    "unit": "%",
                                    "size": 100,
                                    "sizes": []
                                },
                                "align_mobile": "center",
                                "__globals__": {
                                    "typography_typography": "globals\/typography?id=text",
                                    "text_color": "globals\/colors?id=primary"
                                },
                                "align": "center",
                                "typography_typography": "custom",
                                "typography_font_family": "Roboto",
                                "typography_font_size": {
                                    "unit": "px",
                                    "size": 15,
                                    "sizes": []
                                },
                                "typography_font_weight": "300",
                                "typography_text_transform": "none",
                                "typography_line_height": {
                                    "unit": "px",
                                    "size": 24,
                                    "sizes": []
                                },
                                "_animation": "fadeInUp"
                            },
                            "elements": [],
                            "isInner": false,
                            "widgetType": "text-editor",
                            "elType": "widget"
                        }
                    ],
                    "isInner": false,
                    "elType": "column"
                }
            ],
            "isInner": false,
            "elType": "section"
        },
        {
            "id": "58583aa6",
            "settings": {
                "structure": "30",
                "padding": {
                    "unit": "px",
                    "top": "0",
                    "right": "0",
                    "bottom": "0300",
                    "left": "0",
                    "isLinked": false
                },
                "shape_divider_bottom": "tilt",
                "shape_divider_bottom_flip": "yes",
                "__globals__": {
                    "shape_divider_bottom_color": "globals\/colors?id=accent"
                }
            },
            "elements": [
                {
                    "id": "6245b4bb",
                    "settings": {
                        "_column_size": 33,
                        "_inline_size": null,
                        "background_background": "gradient",
                        "__globals__": {
                            "background_color": "globals\/colors?id=6ea1e71",
                            "background_color_b": "globals\/colors?id=secondary"
                        },
                        "border_radius": {
                            "unit": "px",
                            "top": "32",
                            "right": "32",
                            "bottom": "32",
                            "left": "32",
                            "isLinked": true
                        },
                        "margin": {
                            "unit": "px",
                            "top": "0",
                            "right": "15",
                            "bottom": "0",
                            "left": "015",
                            "isLinked": false
                        },
                        "padding": {
                            "unit": "px",
                            "top": "030",
                            "right": "22",
                            "bottom": "030",
                            "left": "22",
                            "isLinked": false
                        },
                        "background_color_stop": {
                            "unit": "%",
                            "size": 75,
                            "sizes": []
                        },
                        "animation": "fadeInRight",
                        "animation_duration": "fast",
                        "animation_delay": 1000
                    },
                    "elements": [
                        {
                            "id": "3da6d83e",
                            "settings": {
                                "title": "BASIC",
                                "typography_typography": "custom",
                                "typography_font_family": "Dela Gothic One",
                                "typography_font_size": {
                                    "unit": "px",
                                    "size": 23,
                                    "sizes": []
                                },
                                "__globals__": {
                                    "title_color": "globals\/colors?id=primary",
                                    "typography_typography": "globals\/typography?id=accent"
                                },
                                "align_mobile": "center"
                            },
                            "elements": [],
                            "isInner": false,
                            "widgetType": "heading",
                            "elType": "widget"
                        },
                        {
                            "id": "24f0363d",
                            "settings": {
                                "title": "Lorem ipsum dolor sit amet consectetur. Volutpat odio tellus neque arcu ac.",
                                "__globals__": {
                                    "title_color": "globals\/colors?id=2e0aaa6",
                                    "typography_typography": "globals\/typography?id=text"
                                },
                                "align_mobile": "center"
                            },
                            "elements": [],
                            "isInner": false,
                            "widgetType": "heading",
                            "elType": "widget"
                        },
                        {
                            "id": "16fde184",
                            "settings": {
                                "text": "Divider",
                                "gap": {
                                    "unit": "px",
                                    "size": 2,
                                    "sizes": []
                                },
                                "__globals__": {
                                    "color": "globals\/colors?id=primary"
                                }
                            },
                            "elements": [],
                            "isInner": false,
                            "widgetType": "divider",
                            "elType": "widget"
                        },
                        {
                            "id": "6d3bf9be",
                            "settings": {
                                "title": "$200",
                                "_margin": {
                                    "unit": "px",
                                    "top": "0",
                                    "right": "0",
                                    "bottom": "0",
                                    "left": "0",
                                    "isLinked": false
                                },
                                "__globals__": {
                                    "typography_typography": "globals\/typography?id=primary",
                                    "title_color": "globals\/colors?id=text"
                                },
                                "align_mobile": "center",
                                "_element_width": "auto"
                            },
                            "elements": [],
                            "isInner": false,
                            "widgetType": "heading",
                            "elType": "widget"
                        },
                        {
                            "id": "d012648",
                            "settings": {
                                "title": "\/WEEK",
                                "_margin": {
                                    "unit": "px",
                                    "top": "0",
                                    "right": "0",
                                    "bottom": "0",
                                    "left": "0",
                                    "isLinked": false
                                },
                                "__globals__": {
                                    "typography_typography": "globals\/typography?id=accent",
                                    "title_color": "globals\/colors?id=text"
                                },
                                "align_mobile": "center",
                                "_element_width": "auto",
                                "_element_vertical_align": "center"
                            },
                            "elements": [],
                            "isInner": false,
                            "widgetType": "heading",
                            "elType": "widget"
                        },
                        {
                            "id": "745de1d1",
                            "settings": {
                                "icon_list": [
                                    {
                                        "text": "Lorem ipsum dolor sit amet",
                                        "_id": "c98c5e7"
                                    },
                                    {
                                        "text": "Nulla quis nisi fermentum",
                                        "selected_icon": {
                                            "value": "icon icon-check",
                                            "library": "ekiticons"
                                        },
                                        "_id": "ffdb04f"
                                    },
                                    {
                                        "text": "feugiat mi sit amet",
                                        "_id": "706ada8"
                                    }
                                ],
                                "space_between": {
                                    "unit": "px",
                                    "size": 8,
                                    "sizes": []
                                },
                                "icon_size": {
                                    "unit": "px",
                                    "size": 13,
                                    "sizes": []
                                },
                                "_margin": {
                                    "unit": "px",
                                    "top": "020",
                                    "right": "0",
                                    "bottom": "0",
                                    "left": "0",
                                    "isLinked": false
                                },
                                "__globals__": {
                                    "text_color": "globals\/colors?id=text",
                                    "icon_color": "globals\/colors?id=primary",
                                    "icon_typography_typography": "globals\/typography?id=text"
                                }
                            },
                            "elements": [],
                            "isInner": false,
                            "widgetType": "icon-list",
                            "elType": "widget"
                        },
                        {
                            "id": "7f1721d9",
                            "settings": {
                                "text": "Click here",
                                "align": "center",
                                "text_padding": {
                                    "unit": "px",
                                    "top": "010",
                                    "right": "100",
                                    "bottom": "10",
                                    "left": "0100",
                                    "isLinked": false
                                }
                            },
                            "elements": [],
                            "isInner": false,
                            "widgetType": "button",
                            "elType": "widget"
                        }
                    ],
                    "isInner": false,
                    "elType": "column"
                },
                {
                    "id": "3ddf5b9f",
                    "settings": {
                        "_column_size": 33,
                        "_inline_size": null,
                        "background_background": "classic",
                        "__globals__": {
                            "background_color": "globals\/colors?id=primary",
                            "background_color_b": "globals\/colors?id=primary"
                        },
                        "border_radius": {
                            "unit": "px",
                            "top": "32",
                            "right": "32",
                            "bottom": "32",
                            "left": "32",
                            "isLinked": true
                        },
                        "margin": {
                            "unit": "px",
                            "top": "0",
                            "right": "15",
                            "bottom": "0",
                            "left": "015",
                            "isLinked": false
                        },
                        "padding": {
                            "unit": "px",
                            "top": "030",
                            "right": "22",
                            "bottom": "030",
                            "left": "22",
                            "isLinked": false
                        },
                        "background_color_stop": {
                            "unit": "%",
                            "size": 75,
                            "sizes": []
                        },
                        "animation": "fadeInUp"
                    },
                    "elements": [
                        {
                            "id": "3fba6859",
                            "settings": {
                                "title": "rEGULAR",
                                "typography_typography": "custom",
                                "typography_font_family": "Dela Gothic One",
                                "typography_font_size": {
                                    "unit": "px",
                                    "size": 23,
                                    "sizes": []
                                },
                                "__globals__": {
                                    "title_color": "globals\/colors?id=secondary",
                                    "typography_typography": "globals\/typography?id=accent"
                                },
                                "align_mobile": "center"
                            },
                            "elements": [],
                            "isInner": false,
                            "widgetType": "heading",
                            "elType": "widget"
                        },
                        {
                            "id": "6cfbdb68",
                            "settings": {
                                "title": "Lorem ipsum dolor sit amet consectetur. Volutpat odio tellus neque arcu ac.",
                                "__globals__": {
                                    "title_color": "globals\/colors?id=secondary",
                                    "typography_typography": "globals\/typography?id=text"
                                },
                                "align_mobile": "center"
                            },
                            "elements": [],
                            "isInner": false,
                            "widgetType": "heading",
                            "elType": "widget"
                        },
                        {
                            "id": "565f6134",
                            "settings": {
                                "text": "Divider",
                                "gap": {
                                    "unit": "px",
                                    "size": 2,
                                    "sizes": []
                                },
                                "__globals__": {
                                    "color": "globals\/colors?id=secondary"
                                }
                            },
                            "elements": [],
                            "isInner": false,
                            "widgetType": "divider",
                            "elType": "widget"
                        },
                        {
                            "id": "7bd6d835",
                            "settings": {
                                "title": "$350",
                                "_margin": {
                                    "unit": "px",
                                    "top": "0",
                                    "right": "0",
                                    "bottom": "0",
                                    "left": "0",
                                    "isLinked": false
                                },
                                "__globals__": {
                                    "typography_typography": "globals\/typography?id=primary",
                                    "title_color": "globals\/colors?id=secondary"
                                },
                                "align_mobile": "center",
                                "_element_width": "auto"
                            },
                            "elements": [],
                            "isInner": false,
                            "widgetType": "heading",
                            "elType": "widget"
                        },
                        {
                            "id": "113ea5b1",
                            "settings": {
                                "title": "\/WEEK",
                                "_margin": {
                                    "unit": "px",
                                    "top": "0",
                                    "right": "0",
                                    "bottom": "0",
                                    "left": "0",
                                    "isLinked": false
                                },
                                "__globals__": {
                                    "typography_typography": "globals\/typography?id=accent",
                                    "title_color": "globals\/colors?id=secondary"
                                },
                                "align_mobile": "center",
                                "_element_width": "auto",
                                "_element_vertical_align": "center"
                            },
                            "elements": [],
                            "isInner": false,
                            "widgetType": "heading",
                            "elType": "widget"
                        },
                        {
                            "id": "5872d0cf",
                            "settings": {
                                "icon_list": [
                                    {
                                        "text": "Lorem ipsum dolor sit amet",
                                        "_id": "c98c5e7"
                                    },
                                    {
                                        "text": "Nulla quis nisi fermentum",
                                        "selected_icon": {
                                            "value": "icon icon-check",
                                            "library": "ekiticons"
                                        },
                                        "_id": "ffdb04f"
                                    },
                                    {
                                        "text": "feugiat mi sit amet",
                                        "_id": "706ada8"
                                    }
                                ],
                                "space_between": {
                                    "unit": "px",
                                    "size": 8,
                                    "sizes": []
                                },
                                "icon_size": {
                                    "unit": "px",
                                    "size": 13,
                                    "sizes": []
                                },
                                "_margin": {
                                    "unit": "px",
                                    "top": "020",
                                    "right": "0",
                                    "bottom": "0",
                                    "left": "0",
                                    "isLinked": false
                                },
                                "__globals__": {
                                    "text_color": "globals\/colors?id=secondary",
                                    "icon_color": "globals\/colors?id=6ea1e71",
                                    "icon_typography_typography": "globals\/typography?id=text"
                                }
                            },
                            "elements": [],
                            "isInner": false,
                            "widgetType": "icon-list",
                            "elType": "widget"
                        },
                        {
                            "id": "548be433",
                            "settings": {
                                "text": "Click here",
                                "align": "center",
                                "text_padding": {
                                    "unit": "px",
                                    "top": "010",
                                    "right": "100",
                                    "bottom": "10",
                                    "left": "0100",
                                    "isLinked": false
                                },
                                "__globals__": {
                                    "button_text_color": "globals\/colors?id=primary",
                                    "background_color": "globals\/colors?id=secondary",
                                    "hover_color": "globals\/colors?id=text"
                                }
                            },
                            "elements": [],
                            "isInner": false,
                            "widgetType": "button",
                            "elType": "widget"
                        }
                    ],
                    "isInner": false,
                    "elType": "column"
                },
                {
                    "id": "69daa695",
                    "settings": {
                        "_column_size": 33,
                        "_inline_size": null,
                        "background_background": "gradient",
                        "__globals__": {
                            "background_color": "globals\/colors?id=6ea1e71",
                            "background_color_b": "globals\/colors?id=secondary"
                        },
                        "border_radius": {
                            "unit": "px",
                            "top": "32",
                            "right": "32",
                            "bottom": "32",
                            "left": "32",
                            "isLinked": true
                        },
                        "margin": {
                            "unit": "px",
                            "top": "0",
                            "right": "15",
                            "bottom": "0",
                            "left": "015",
                            "isLinked": false
                        },
                        "padding": {
                            "unit": "px",
                            "top": "030",
                            "right": "22",
                            "bottom": "030",
                            "left": "22",
                            "isLinked": false
                        },
                        "background_color_stop": {
                            "unit": "%",
                            "size": 75,
                            "sizes": []
                        },
                        "animation": "fadeInLeft",
                        "animation_duration": "fast",
                        "animation_delay": 1000
                    },
                    "elements": [
                        {
                            "id": "2c685539",
                            "settings": {
                                "title": "pro",
                                "typography_typography": "custom",
                                "typography_font_family": "Dela Gothic One",
                                "typography_font_size": {
                                    "unit": "px",
                                    "size": 23,
                                    "sizes": []
                                },
                                "__globals__": {
                                    "title_color": "globals\/colors?id=primary",
                                    "typography_typography": "globals\/typography?id=accent"
                                },
                                "align_mobile": "center"
                            },
                            "elements": [],
                            "isInner": false,
                            "widgetType": "heading",
                            "elType": "widget"
                        },
                        {
                            "id": "18178ffa",
                            "settings": {
                                "title": "Lorem ipsum dolor sit amet consectetur. Volutpat odio tellus neque arcu ac.",
                                "__globals__": {
                                    "title_color": "globals\/colors?id=2e0aaa6",
                                    "typography_typography": "globals\/typography?id=text"
                                },
                                "align_mobile": "center"
                            },
                            "elements": [],
                            "isInner": false,
                            "widgetType": "heading",
                            "elType": "widget"
                        },
                        {
                            "id": "52e98e11",
                            "settings": {
                                "text": "Divider",
                                "gap": {
                                    "unit": "px",
                                    "size": 2,
                                    "sizes": []
                                },
                                "__globals__": {
                                    "color": "globals\/colors?id=primary"
                                }
                            },
                            "elements": [],
                            "isInner": false,
                            "widgetType": "divider",
                            "elType": "widget"
                        },
                        {
                            "id": "322b9b5c",
                            "settings": {
                                "title": "$500",
                                "_margin": {
                                    "unit": "px",
                                    "top": "0",
                                    "right": "0",
                                    "bottom": "0",
                                    "left": "0",
                                    "isLinked": false
                                },
                                "__globals__": {
                                    "typography_typography": "globals\/typography?id=primary",
                                    "title_color": "globals\/colors?id=text"
                                },
                                "align_mobile": "center",
                                "_element_width": "auto"
                            },
                            "elements": [],
                            "isInner": false,
                            "widgetType": "heading",
                            "elType": "widget"
                        },
                        {
                            "id": "6171f9f1",
                            "settings": {
                                "title": "\/WEEK",
                                "_margin": {
                                    "unit": "px",
                                    "top": "0",
                                    "right": "0",
                                    "bottom": "0",
                                    "left": "0",
                                    "isLinked": false
                                },
                                "__globals__": {
                                    "typography_typography": "globals\/typography?id=accent",
                                    "title_color": "globals\/colors?id=text"
                                },
                                "align_mobile": "center",
                                "_element_width": "auto",
                                "_element_vertical_align": "center"
                            },
                            "elements": [],
                            "isInner": false,
                            "widgetType": "heading",
                            "elType": "widget"
                        },
                        {
                            "id": "1716cbfb",
                            "settings": {
                                "icon_list": [
                                    {
                                        "text": "Lorem ipsum dolor sit amet",
                                        "_id": "c98c5e7"
                                    },
                                    {
                                        "text": "Nulla quis nisi fermentum",
                                        "selected_icon": {
                                            "value": "icon icon-check",
                                            "library": "ekiticons"
                                        },
                                        "_id": "ffdb04f"
                                    },
                                    {
                                        "text": "feugiat mi sit amet",
                                        "_id": "706ada8"
                                    }
                                ],
                                "space_between": {
                                    "unit": "px",
                                    "size": 8,
                                    "sizes": []
                                },
                                "icon_size": {
                                    "unit": "px",
                                    "size": 13,
                                    "sizes": []
                                },
                                "_margin": {
                                    "unit": "px",
                                    "top": "020",
                                    "right": "0",
                                    "bottom": "0",
                                    "left": "0",
                                    "isLinked": false
                                },
                                "__globals__": {
                                    "text_color": "globals\/colors?id=text",
                                    "icon_color": "globals\/colors?id=primary",
                                    "icon_typography_typography": "globals\/typography?id=text"
                                }
                            },
                            "elements": [],
                            "isInner": false,
                            "widgetType": "icon-list",
                            "elType": "widget"
                        },
                        {
                            "id": "76d4749e",
                            "settings": {
                                "text": "Click here",
                                "align": "center",
                                "text_padding": {
                                    "unit": "px",
                                    "top": "010",
                                    "right": "100",
                                    "bottom": "10",
                                    "left": "0100",
                                    "isLinked": false
                                }
                            },
                            "elements": [],
                            "isInner": false,
                            "widgetType": "button",
                            "elType": "widget"
                        }
                    ],
                    "isInner": false,
                    "elType": "column"
                }
            ],
            "isInner": false,
            "elType": "section"
        },
        {
            "id": "46a36474",
            "settings": {
                "background_background": "classic",
                "__globals__": {
                    "background_color": "globals\/colors?id=accent",
                    "shape_divider_top_color": "globals\/colors?id=secondary",
                    "shape_divider_bottom_color": "globals\/colors?id=primary"
                },
                "shape_divider_top_width": {
                    "unit": "%",
                    "size": 106,
                    "sizes": []
                },
                "shape_divider_top_height": {
                    "unit": "px",
                    "size": 305,
                    "sizes": []
                },
                "shape_divider_top_flip": "yes",
                "shape_divider_bottom_height": {
                    "unit": "px",
                    "size": 74,
                    "sizes": []
                },
                "shape_divider_bottom_flip": "yes",
                "margin": {
                    "unit": "px",
                    "top": "",
                    "right": 0,
                    "bottom": "",
                    "left": 0,
                    "isLinked": true
                },
                "padding": {
                    "unit": "px",
                    "top": "0",
                    "right": "0",
                    "bottom": "075",
                    "left": "0",
                    "isLinked": false
                }
            },
            "elements": [
                {
                    "id": "65aeafed",
                    "settings": {
                        "_column_size": 100,
                        "_inline_size": null,
                        "margin": {
                            "unit": "px",
                            "top": "-300",
                            "right": "0",
                            "bottom": "0",
                            "left": "0",
                            "isLinked": false
                        }
                    },
                    "elements": [
                        {
                            "id": "5c1023b7",
                            "settings": {
                                "structure": "20",
                                "_title": "Green Box",
                                "margin": {
                                    "unit": "px",
                                    "top": "",
                                    "right": 0,
                                    "bottom": "",
                                    "left": 0,
                                    "isLinked": true
                                }
                            },
                            "elements": [
                                {
                                    "id": "61037e9",
                                    "settings": {
                                        "_column_size": 50,
                                        "_inline_size": 50.893,
                                        "background_background": "classic",
                                        "background_image": {
                                            "url": "http:\/\/kit.nirmanavisual.com\/skatecourse\/wp-content\/uploads\/sites\/26\/2023\/07\/Frame-Pricing-2.png",
                                            "id": 317,
                                            "alt": "",
                                            "source": "library"
                                        },
                                        "background_position": "center center",
                                        "background_repeat": "no-repeat",
                                        "background_size": "initial",
                                        "background_bg_width": {
                                            "unit": "%",
                                            "size": 79,
                                            "sizes": []
                                        },
                                        "z_index": 1
                                    },
                                    "elements": [
                                        {
                                            "id": "5d6edcc2",
                                            "settings": {
                                                "space": {
                                                    "unit": "px",
                                                    "size": 110,
                                                    "sizes": []
                                                }
                                            },
                                            "elements": [],
                                            "isInner": false,
                                            "widgetType": "spacer",
                                            "elType": "widget"
                                        },
                                        {
                                            "id": "7355865c",
                                            "settings": {
                                                "structure": "20"
                                            },
                                            "elements": [
                                                {
                                                    "id": "7a2abbfd",
                                                    "settings": {
                                                        "_column_size": 50,
                                                        "_inline_size": 67.088
                                                    },
                                                    "elements": [
                                                        {
                                                            "id": "3d219824",
                                                            "settings": {
                                                                "image": {
                                                                    "url": "http:\/\/kit.nirmanavisual.com\/skatecourse\/wp-content\/uploads\/sites\/26\/2023\/07\/Happy-beautiful-boy-in-casual-style-standing-and-holding-skateboard-while-looking-at-the-camera.png",
                                                                    "id": 313,
                                                                    "alt": "",
                                                                    "source": "library"
                                                                },
                                                                "width": {
                                                                    "unit": "%",
                                                                    "size": 100,
                                                                    "sizes": []
                                                                },
                                                                "_z_index": 1,
                                                                "_background_background": "classic",
                                                                "_background_image": {
                                                                    "url": "http:\/\/kit.nirmanavisual.com\/skatecourse\/wp-content\/uploads\/sites\/26\/2023\/07\/Ellipse.png",
                                                                    "id": 337,
                                                                    "alt": "",
                                                                    "source": "library"
                                                                },
                                                                "_background_position": "center center",
                                                                "_background_repeat": "no-repeat",
                                                                "_background_size": "initial",
                                                                "_background_bg_width": {
                                                                    "unit": "%",
                                                                    "size": 62,
                                                                    "sizes": []
                                                                },
                                                                "_animation": "fadeInUp",
                                                                "hover_animation": "float"
                                                            },
                                                            "elements": [],
                                                            "isInner": false,
                                                            "widgetType": "image",
                                                            "elType": "widget"
                                                        }
                                                    ],
                                                    "isInner": true,
                                                    "elType": "column"
                                                },
                                                {
                                                    "id": "2f635d53",
                                                    "settings": {
                                                        "_column_size": 50,
                                                        "_inline_size": 32.912,
                                                        "background_background": "classic",
                                                        "margin": {
                                                            "unit": "px",
                                                            "top": "0",
                                                            "right": "0",
                                                            "bottom": "0",
                                                            "left": "-75",
                                                            "isLinked": false
                                                        }
                                                    },
                                                    "elements": [
                                                        {
                                                            "id": "4713f65f",
                                                            "settings": {
                                                                "image": {
                                                                    "url": "http:\/\/kit.nirmanavisual.com\/skatecourse\/wp-content\/uploads\/sites\/26\/2023\/07\/Teenage-girl-with-pink-skateboard.png",
                                                                    "id": 314,
                                                                    "alt": "",
                                                                    "source": "library"
                                                                },
                                                                "width": {
                                                                    "unit": "%",
                                                                    "size": 100,
                                                                    "sizes": []
                                                                },
                                                                "_margin": {
                                                                    "unit": "px",
                                                                    "top": "0",
                                                                    "right": "0",
                                                                    "bottom": "0",
                                                                    "left": "0",
                                                                    "isLinked": false
                                                                },
                                                                "_z_index": 0,
                                                                "_background_background": "classic",
                                                                "_background_image": {
                                                                    "url": "http:\/\/kit.nirmanavisual.com\/skatecourse\/wp-content\/uploads\/sites\/26\/2023\/07\/Ellipse-1.png",
                                                                    "id": 336,
                                                                    "alt": "",
                                                                    "source": "library"
                                                                },
                                                                "_background_position": "center center",
                                                                "_background_repeat": "no-repeat",
                                                                "_background_size": "initial",
                                                                "_background_bg_width": {
                                                                    "unit": "%",
                                                                    "size": 87,
                                                                    "sizes": []
                                                                },
                                                                "_animation": "fadeInUp",
                                                                "hover_animation": "float"
                                                            },
                                                            "elements": [],
                                                            "isInner": false,
                                                            "widgetType": "image",
                                                            "elType": "widget"
                                                        }
                                                    ],
                                                    "isInner": true,
                                                    "elType": "column"
                                                }
                                            ],
                                            "isInner": true,
                                            "elType": "section"
                                        },
                                        {
                                            "id": "30dda1c9",
                                            "settings": {
                                                "padding": {
                                                    "unit": "px",
                                                    "top": "0",
                                                    "right": "080",
                                                    "bottom": "0",
                                                    "left": "080",
                                                    "isLinked": false
                                                }
                                            },
                                            "elements": [
                                                {
                                                    "id": "1523da2b",
                                                    "settings": {
                                                        "_column_size": 100,
                                                        "_inline_size": null,
                                                        "animation": "fadeInLeft"
                                                    },
                                                    "elements": [
                                                        {
                                                            "id": "34e19be7",
                                                            "settings": {
                                                                "title": "Youth<br>Coaching",
                                                                "__globals__": {
                                                                    "typography_typography": "globals\/typography?id=8db623a",
                                                                    "title_color": "globals\/colors?id=secondary"
                                                                }
                                                            },
                                                            "elements": [],
                                                            "isInner": false,
                                                            "widgetType": "heading",
                                                            "elType": "widget"
                                                        },
                                                        {
                                                            "id": "e6d9f14",
                                                            "settings": {
                                                                "editor": "<p>Lorem ipsum dolor sit amet, consectetur adipiscing elit. Ut elit tellus, luctus nec.<\/p>",
                                                                "_element_custom_width": {
                                                                    "unit": "%",
                                                                    "size": 100,
                                                                    "sizes": []
                                                                },
                                                                "align_mobile": "center",
                                                                "__globals__": {
                                                                    "typography_typography": "globals\/typography?id=text",
                                                                    "text_color": "globals\/colors?id=secondary"
                                                                }
                                                            },
                                                            "elements": [],
                                                            "isInner": false,
                                                            "widgetType": "text-editor",
                                                            "elType": "widget"
                                                        }
                                                    ],
                                                    "isInner": true,
                                                    "elType": "column"
                                                }
                                            ],
                                            "isInner": true,
                                            "elType": "section"
                                        },
                                        {
                                            "id": "70a790b5",
                                            "settings": {
                                                "structure": "20",
                                                "padding": {
                                                    "unit": "px",
                                                    "top": "8",
                                                    "right": "80",
                                                    "bottom": "0",
                                                    "left": "80",
                                                    "isLinked": false
                                                },
                                                "_title": "Inner Section",
                                                "animation": "fadeInLeft"
                                            },
                                            "elements": [
                                                {
                                                    "id": "7cd4d08c",
                                                    "settings": {
                                                        "_column_size": 50,
                                                        "_inline_size": null
                                                    },
                                                    "elements": [
                                                        {
                                                            "id": "60068660",
                                                            "settings": {
                                                                "title": "$200<br>\/Week",
                                                                "_margin": {
                                                                    "unit": "px",
                                                                    "top": "0",
                                                                    "right": "0",
                                                                    "bottom": "0",
                                                                    "left": "0",
                                                                    "isLinked": false
                                                                },
                                                                "__globals__": {
                                                                    "typography_typography": "globals\/typography?id=accent",
                                                                    "title_color": "globals\/colors?id=secondary"
                                                                },
                                                                "align_mobile": "center"
                                                            },
                                                            "elements": [],
                                                            "isInner": false,
                                                            "widgetType": "heading",
                                                            "elType": "widget"
                                                        }
                                                    ],
                                                    "isInner": true,
                                                    "elType": "column"
                                                },
                                                {
                                                    "id": "73e2007b",
                                                    "settings": {
                                                        "_column_size": 50,
                                                        "_inline_size": null,
                                                        "content_position": "center"
                                                    },
                                                    "elements": [
                                                        {
                                                            "id": "41502a41",
                                                            "settings": {
                                                                "text": "Book Course",
                                                                "align": "right",
                                                                "__globals__": {
                                                                    "button_text_color": "globals\/colors?id=text",
                                                                    "background_color": "globals\/colors?id=secondary"
                                                                },
                                                                "align_mobile": "center"
                                                            },
                                                            "elements": [],
                                                            "isInner": false,
                                                            "widgetType": "button",
                                                            "elType": "widget"
                                                        }
                                                    ],
                                                    "isInner": true,
                                                    "elType": "column"
                                                }
                                            ],
                                            "isInner": true,
                                            "elType": "section"
                                        },
                                        {
                                            "id": "25aa3875",
                                            "settings": {
                                                "space": {
                                                    "unit": "px",
                                                    "size": 118,
                                                    "sizes": []
                                                }
                                            },
                                            "elements": [],
                                            "isInner": false,
                                            "widgetType": "spacer",
                                            "elType": "widget"
                                        }
                                    ],
                                    "isInner": true,
                                    "elType": "column"
                                },
                                {
                                    "id": "5b77e3e5",
                                    "settings": {
                                        "_column_size": 50,
                                        "_inline_size": 49.064,
                                        "content_position": "center"
                                    },
                                    "elements": [
                                        {
                                            "id": "5ba1a057",
                                            "settings": {
                                                "title": "Our <br>Pricing",
                                                "title_color": "#040D17",
                                                "__globals__": {
                                                    "title_color": "globals\/colors?id=secondary",
                                                    "typography_typography": "globals\/typography?id=primary"
                                                },
                                                "align_mobile": "center",
                                                "_animation": "fadeInUp"
                                            },
                                            "elements": [],
                                            "isInner": false,
                                            "widgetType": "heading",
                                            "elType": "widget"
                                        },
                                        {
                                            "id": "1ce124f0",
                                            "settings": {
                                                "editor": "<p>Lorem ipsum dolor sit amet, consectetuer.<\/p>",
                                                "_element_custom_width": {
                                                    "unit": "%",
                                                    "size": 49,
                                                    "sizes": []
                                                },
                                                "align_mobile": "center",
                                                "_element_width_widescreen": "initial",
                                                "_element_custom_width_widescreen": {
                                                    "size": 230.594
                                                },
                                                "__globals__": {
                                                    "text_color": "globals\/colors?id=secondary",
                                                    "typography_typography": "globals\/typography?id=text"
                                                },
                                                "_animation": "fadeInUp"
                                            },
                                            "elements": [],
                                            "isInner": false,
                                            "widgetType": "text-editor",
                                            "elType": "widget"
                                        },
                                        {
                                            "id": "3413d9e4",
                                            "settings": {
                                                "text": "Book Now",
                                                "align_mobile": "center",
                                                "_animation": "fadeInUp",
                                                "__globals__": {
                                                    "button_background_hover_color": "globals\/colors?id=secondary",
                                                    "hover_color": "globals\/colors?id=text"
                                                }
                                            },
                                            "elements": [],
                                            "isInner": false,
                                            "widgetType": "button",
                                            "elType": "widget"
                                        }
                                    ],
                                    "isInner": true,
                                    "elType": "column"
                                }
                            ],
                            "isInner": true,
                            "elType": "section"
                        },
                        {
                            "id": "782ce683",
                            "settings": {
                                "structure": "30",
                                "background_background": "classic",
                                "background_image": {
                                    "url": "http:\/\/kit.nirmanavisual.com\/skatecourse\/wp-content\/uploads\/sites\/26\/2023\/07\/Frame-Pricing-1.png",
                                    "id": 316,
                                    "alt": "",
                                    "source": "library"
                                },
                                "background_position": "center right",
                                "background_repeat": "no-repeat",
                                "background_size": "initial",
                                "background_bg_width": {
                                    "unit": "%",
                                    "size": 81,
                                    "sizes": []
                                },
                                "margin": {
                                    "unit": "px",
                                    "top": "-325",
                                    "right": 0,
                                    "bottom": "0",
                                    "left": 0,
                                    "isLinked": false
                                },
                                "z_index": 0,
                                "_title": "Black Box"
                            },
                            "elements": [
                                {
                                    "id": "14fc005d",
                                    "settings": {
                                        "_column_size": 33,
                                        "_inline_size": 50.83
                                    },
                                    "elements": [
                                        {
                                            "id": "1190f7d5",
                                            "settings": {
                                                "space": {
                                                    "unit": "px",
                                                    "size": 572,
                                                    "sizes": []
                                                }
                                            },
                                            "elements": [],
                                            "isInner": false,
                                            "widgetType": "spacer",
                                            "elType": "widget"
                                        }
                                    ],
                                    "isInner": true,
                                    "elType": "column"
                                },
                                {
                                    "id": "3beb0222",
                                    "settings": {
                                        "_column_size": 33,
                                        "_inline_size": 28.954
                                    },
                                    "elements": [
                                        {
                                            "id": "796df48e",
                                            "settings": {
                                                "space": {
                                                    "unit": "px",
                                                    "size": 110,
                                                    "sizes": []
                                                }
                                            },
                                            "elements": [],
                                            "isInner": false,
                                            "widgetType": "spacer",
                                            "elType": "widget"
                                        },
                                        {
                                            "id": "4841716a",
                                            "settings": {
                                                "title": "Adult Coaching",
                                                "__globals__": {
                                                    "typography_typography": "globals\/typography?id=8db623a",
                                                    "title_color": "globals\/colors?id=text"
                                                },
                                                "_animation": "fadeInUp"
                                            },
                                            "elements": [],
                                            "isInner": false,
                                            "widgetType": "heading",
                                            "elType": "widget"
                                        },
                                        {
                                            "id": "4329ef7a",
                                            "settings": {
                                                "editor": "<p>Lorem ipsum dolor sit amet consectetur. Viverra sodales facilisi lectus iaculis.<\/p>",
                                                "__globals__": {
                                                    "text_color": "globals\/colors?id=2e0aaa6",
                                                    "typography_typography": "globals\/typography?id=text"
                                                },
                                                "_animation": "fadeInUp"
                                            },
                                            "elements": [],
                                            "isInner": false,
                                            "widgetType": "text-editor",
                                            "elType": "widget"
                                        },
                                        {
                                            "id": "67c5fb36",
                                            "settings": {
                                                "structure": "20",
                                                "animation": "fadeInUp"
                                            },
                                            "elements": [
                                                {
                                                    "id": "113473c9",
                                                    "settings": {
                                                        "_column_size": 50,
                                                        "_inline_size": null
                                                    },
                                                    "elements": [
                                                        {
                                                            "id": "7179e24f",
                                                            "settings": {
                                                                "title": "$200<br>\/Week",
                                                                "_margin": {
                                                                    "unit": "px",
                                                                    "top": "0",
                                                                    "right": "0",
                                                                    "bottom": "0",
                                                                    "left": "0",
                                                                    "isLinked": false
                                                                },
                                                                "__globals__": {
                                                                    "typography_typography": "globals\/typography?id=accent",
                                                                    "title_color": "globals\/colors?id=text"
                                                                }
                                                            },
                                                            "elements": [],
                                                            "isInner": false,
                                                            "widgetType": "heading",
                                                            "elType": "widget"
                                                        }
                                                    ],
                                                    "isInner": true,
                                                    "elType": "column"
                                                },
                                                {
                                                    "id": "4f84037f",
                                                    "settings": {
                                                        "_column_size": 50,
                                                        "_inline_size": null,
                                                        "content_position": "center"
                                                    },
                                                    "elements": [
                                                        {
                                                            "id": "1f8f2c53",
                                                            "settings": {
                                                                "text": "book course"
                                                            },
                                                            "elements": [],
                                                            "isInner": false,
                                                            "widgetType": "button",
                                                            "elType": "widget"
                                                        }
                                                    ],
                                                    "isInner": true,
                                                    "elType": "column"
                                                }
                                            ],
                                            "isInner": true,
                                            "elType": "section"
                                        }
                                    ],
                                    "isInner": true,
                                    "elType": "column"
                                },
                                {
                                    "id": "56d7e4a3",
                                    "settings": {
                                        "_column_size": 33,
                                        "_inline_size": 19.853
                                    },
                                    "elements": [
                                        {
                                            "id": "8939eac",
                                            "settings": {
                                                "image": {
                                                    "url": "http:\/\/kit.nirmanavisual.com\/skatecourse\/wp-content\/uploads\/sites\/26\/2023\/07\/Young-skateboarder-at-skate-park-indoor-1.png",
                                                    "id": 315,
                                                    "alt": "",
                                                    "source": "library"
                                                },
                                                "width": {
                                                    "unit": "%",
                                                    "size": 83,
                                                    "sizes": []
                                                },
                                                "_position": "absolute",
                                                "_offset_x": {
                                                    "unit": "px",
                                                    "size": 11,
                                                    "sizes": []
                                                },
                                                "_offset_y": {
                                                    "unit": "px",
                                                    "size": -126,
                                                    "sizes": []
                                                },
                                                "hide_mobile": "hidden-mobile",
                                                "_animation": "fadeInRight"
                                            },
                                            "elements": [],
                                            "isInner": false,
                                            "widgetType": "image",
                                            "elType": "widget"
                                        }
                                    ],
                                    "isInner": true,
                                    "elType": "column"
                                }
                            ],
                            "isInner": true,
                            "elType": "section"
                        }
                    ],
                    "isInner": false,
                    "elType": "column"
                }
            ],
            "isInner": false,
            "elType": "section"
        },
        {
            "id": "5c519cc",
            "settings": {
                "height": "min-height",
                "custom_height": {
                    "unit": "px",
                    "size": "",
                    "sizes": []
                },
                "structure": "20",
                "background_background": "classic",
                "background_image": {
                    "url": "http:\/\/kit.nirmanavisual.com\/skatecourse\/wp-content\/uploads\/sites\/26\/2023\/08\/skateboarder-skateboarding-at-morning-outdoors-2022-02-03-01-52-41-utc.jpg",
                    "id": 942,
                    "alt": "",
                    "source": "library"
                },
                "background_position": "initial",
                "background_xpos": {
                    "unit": "px",
                    "size": -5,
                    "sizes": []
                },
                "background_ypos": {
                    "unit": "px",
                    "size": -110,
                    "sizes": []
                },
                "background_repeat": "no-repeat",
                "background_size": "cover",
                "background_overlay_background": "classic",
                "background_overlay_opacity": {
                    "unit": "px",
                    "size": 0.74,
                    "sizes": []
                },
                "__globals__": {
                    "background_overlay_color": "globals\/colors?id=secondary"
                },
                "background_attachment": "fixed",
                "padding": {
                    "unit": "px",
                    "top": "0200",
                    "right": "0",
                    "bottom": "0",
                    "left": "0",
                    "isLinked": false
                }
            },
            "elements": [
                {
                    "id": "7a30207a",
                    "settings": {
                        "_column_size": 50,
                        "_inline_size": null
                    },
                    "elements": [],
                    "isInner": false,
                    "elType": "column"
                },
                {
                    "id": "398e5480",
                    "settings": {
                        "_column_size": 50,
                        "_inline_size": null,
                        "animation": "fadeInUp",
                        "background_background": "classic",
                        "border_radius": {
                            "unit": "px",
                            "top": "60",
                            "right": "60",
                            "bottom": "0",
                            "left": "0",
                            "isLinked": false
                        },
                        "padding": {
                            "unit": "px",
                            "top": "030",
                            "right": "040",
                            "bottom": "030",
                            "left": "040",
                            "isLinked": false
                        },
                        "__globals__": {
                            "background_color": "globals\/colors?id=primary"
                        }
                    },
                    "elements": [
                        {
                            "id": "285691e8",
                            "settings": {
                                "title": "Let\u2019s fun with<br>our class!!",
                                "__globals__": {
                                    "typography_typography": "globals\/typography?id=8db623a",
                                    "title_color": "globals\/colors?id=secondary"
                                },
                                "align_mobile": "center",
                                "_animation": "fadeInRight"
                            },
                            "elements": [],
                            "isInner": false,
                            "widgetType": "heading",
                            "elType": "widget"
                        },
                        {
                            "id": "65fb4617",
                            "settings": {
                                "editor": "<p>Lorem ipsum dolor sit amet, consectetur adipiscing elit.<\/p>",
                                "_element_custom_width": {
                                    "unit": "%",
                                    "size": 100,
                                    "sizes": []
                                },
                                "align_mobile": "center",
                                "__globals__": {
                                    "text_color": "globals\/colors?id=secondary",
                                    "typography_typography": "globals\/typography?id=text"
                                },
                                "_animation": "fadeInRight"
                            },
                            "elements": [],
                            "isInner": false,
                            "widgetType": "text-editor",
                            "elType": "widget"
                        },
                        {
                            "id": "1a51ceea",
                            "settings": {
                                "text": "Join Us",
                                "align_mobile": "center",
                                "background_color": "#040D17",
                                "_animation": "fadeInUp",
                                "__globals__": {
                                    "background_color": "globals\/colors?id=secondary",
                                    "button_text_color": "globals\/colors?id=text"
                                }
                            },
                            "elements": [],
                            "isInner": false,
                            "widgetType": "button",
                            "elType": "widget"
                        }
                    ],
                    "isInner": false,
                    "elType": "column"
                }
            ],
            "isInner": false,
            "elType": "section"
        }
    ]
}