{
    "version": "0.4",
    "title": "Team",
    "type": "page",
    "metadata": {
        "template_type": "single-page",
        "include_in_zip": "1",
        "elementor_pro_required": null,
        "wp_page_template": "elementor_header_footer"
    },
    "content": [
        {
            "id": "2767d8bb",
            "settings": {
                "padding": {
                    "unit": "px",
                    "top": "075",
                    "right": "0",
                    "bottom": "075",
                    "left": "0",
                    "isLinked": false
                }
            },
            "elements": [
                {
                    "id": "4c1c5de8",
                    "settings": {
                        "_column_size": 100,
                        "_inline_size": null
                    },
                    "elements": [
                        {
                            "id": "4ff49428",
                            "settings": {
                                "title": "Team",
                                "align": "center",
                                "_margin": {
                                    "unit": "px",
                                    "top": "0",
                                    "right": "0",
                                    "bottom": "0",
                                    "left": "0",
                                    "isLinked": false
                                },
                                "__globals__": {
                                    "title_color": "globals\/colors?id=text",
                                    "typography_typography": "globals\/typography?id=primary"
                                },
                                "_animation": "fadeInUp"
                            },
                            "elements": [],
                            "isInner": false,
                            "widgetType": "heading",
                            "elType": "widget"
                        },
                        {
                            "id": "f25370a",
                            "settings": {
                                "editor": "<p>Lorem ipsum dolor sit amet consectetur. Volutpat odio tellus neque arcu ac<\/p>",
                                "_element_custom_width": {
                                    "unit": "%",
                                    "size": 100,
                                    "sizes": []
                                },
                                "align_mobile": "center",
                                "__globals__": {
                                    "typography_typography": "globals\/typography?id=text",
                                    "text_color": "globals\/colors?id=primary"
                                },
                                "align": "center",
                                "typography_typography": "custom",
                                "typography_font_family": "Roboto",
                                "typography_font_size": {
                                    "unit": "px",
                                    "size": 15,
                                    "sizes": []
                                },
                                "typography_font_weight": "300",
                                "typography_text_transform": "none",
                                "typography_line_height": {
                                    "unit": "px",
                                    "size": 24,
                                    "sizes": []
                                },
                                "_animation": "fadeInUp"
                            },
                            "elements": [],
                            "isInner": false,
                            "widgetType": "text-editor",
                            "elType": "widget"
                        }
                    ],
                    "isInner": false,
                    "elType": "column"
                }
            ],
            "isInner": false,
            "elType": "section"
        },
        {
            "id": "4ebaa8f2",
            "settings": {
                "structure": "20",
                "padding": {
                    "unit": "px",
                    "top": "0",
                    "right": "0",
                    "bottom": "075",
                    "left": "0",
                    "isLinked": false
                }
            },
            "elements": [
                {
                    "id": "14be3dfb",
                    "settings": {
                        "_column_size": 50,
                        "_inline_size": 45,
                        "background_background": "classic",
                        "background_image": {
                            "url": "http:\/\/kit.nirmanavisual.com\/skatecourse\/wp-content\/uploads\/sites\/26\/2023\/07\/Frame-Pricing-2.png",
                            "id": 317,
                            "alt": "",
                            "source": "library"
                        },
                        "background_position": "center center",
                        "background_repeat": "no-repeat",
                        "background_size": "initial",
                        "background_bg_width": {
                            "unit": "%",
                            "size": 79,
                            "sizes": []
                        },
                        "z_index": 1
                    },
                    "elements": [
                        {
                            "id": "28738ca9",
                            "settings": [],
                            "elements": [
                                {
                                    "id": "2f755de0",
                                    "settings": {
                                        "_column_size": 100,
                                        "_inline_size": null,
                                        "background_background": "classic",
                                        "margin": {
                                            "unit": "px",
                                            "top": "0",
                                            "right": "0",
                                            "bottom": "0",
                                            "left": "-75",
                                            "isLinked": false
                                        }
                                    },
                                    "elements": [
                                        {
                                            "id": "35b4d7b2",
                                            "settings": {
                                                "image": {
                                                    "url": "http:\/\/kit.nirmanavisual.com\/skatecourse\/wp-content\/uploads\/sites\/26\/2023\/08\/Cheerful-young-man-with-skateboard.png",
                                                    "id": 1156,
                                                    "alt": "",
                                                    "source": "library"
                                                },
                                                "width": {
                                                    "unit": "%",
                                                    "size": 77,
                                                    "sizes": []
                                                },
                                                "_margin": {
                                                    "unit": "px",
                                                    "top": "0",
                                                    "right": "0",
                                                    "bottom": "0",
                                                    "left": "0",
                                                    "isLinked": false
                                                },
                                                "_z_index": 0,
                                                "_background_background": "classic",
                                                "_background_image": {
                                                    "url": "",
                                                    "id": "",
                                                    "alt": "",
                                                    "source": "library"
                                                },
                                                "_background_position": "center center",
                                                "_background_repeat": "no-repeat",
                                                "_background_size": "initial",
                                                "_background_bg_width": {
                                                    "unit": "%",
                                                    "size": 87,
                                                    "sizes": []
                                                },
                                                "hover_animation": "float",
                                                "_animation": "fadeInUp"
                                            },
                                            "elements": [],
                                            "isInner": false,
                                            "widgetType": "image",
                                            "elType": "widget"
                                        }
                                    ],
                                    "isInner": true,
                                    "elType": "column"
                                }
                            ],
                            "isInner": true,
                            "elType": "section"
                        }
                    ],
                    "isInner": false,
                    "elType": "column"
                },
                {
                    "id": "22f2b8fd",
                    "settings": {
                        "_column_size": 50,
                        "_inline_size": 55,
                        "content_position": "center"
                    },
                    "elements": [
                        {
                            "id": "28b26045",
                            "settings": {
                                "title": "professional skateboard coaching",
                                "__globals__": {
                                    "typography_typography": "globals\/typography?id=8db623a",
                                    "title_color": "globals\/colors?id=primary"
                                },
                                "align_mobile": "center",
                                "_animation": "fadeInLeft"
                            },
                            "elements": [],
                            "isInner": false,
                            "widgetType": "heading",
                            "elType": "widget"
                        },
                        {
                            "id": "4f118cd3",
                            "settings": {
                                "editor": "Lorem ipsum dolor sit amet consectetur. Commodo egestas condimentum morbi  . Non et enim egestas in justo.",
                                "_element_custom_width": {
                                    "unit": "%",
                                    "size": 100,
                                    "sizes": []
                                },
                                "align_mobile": "center",
                                "__globals__": {
                                    "typography_typography": "globals\/typography?id=text",
                                    "text_color": "globals\/colors?id=text"
                                },
                                "_animation": "fadeInLeft"
                            },
                            "elements": [],
                            "isInner": false,
                            "widgetType": "text-editor",
                            "elType": "widget"
                        },
                        {
                            "id": "778b6cd",
                            "settings": {
                                "selected_icon": {
                                    "value": "fas fa-skating",
                                    "library": "fa-solid"
                                },
                                "view": "framed",
                                "title_text": "Our Vision",
                                "description_text": "Lorem ipsum dolor sit amet, consectetur adipiscing elit. Ut elit tellus, luctus nec.",
                                "position": "left",
                                "icon_space": {
                                    "unit": "px",
                                    "size": 21,
                                    "sizes": []
                                },
                                "icon_size": {
                                    "unit": "px",
                                    "size": 26,
                                    "sizes": []
                                },
                                "border_width": {
                                    "unit": "px",
                                    "top": "1",
                                    "right": "1",
                                    "bottom": "1",
                                    "left": "1",
                                    "isLinked": true
                                },
                                "title_bottom_space": {
                                    "unit": "px",
                                    "size": 2,
                                    "sizes": []
                                },
                                "__globals__": {
                                    "primary_color": "globals\/colors?id=primary",
                                    "secondary_color": "globals\/colors?id=secondary",
                                    "title_color": "globals\/colors?id=primary",
                                    "title_typography_typography": "globals\/typography?id=6b76955",
                                    "description_color": "globals\/colors?id=2e0aaa6",
                                    "description_typography_typography": "globals\/typography?id=text"
                                },
                                "_animation": "fadeInUp"
                            },
                            "elements": [],
                            "isInner": false,
                            "widgetType": "icon-box",
                            "elType": "widget"
                        },
                        {
                            "id": "1982da5f",
                            "settings": {
                                "selected_icon": {
                                    "value": "fas fa-skating",
                                    "library": "fa-solid"
                                },
                                "view": "stacked",
                                "title_text": "Our Mission",
                                "description_text": "Lorem ipsum dolor sit amet, consectetur adipiscing elit. Ut elit tellus, luctus nec.",
                                "position": "left",
                                "icon_space": {
                                    "unit": "px",
                                    "size": 21,
                                    "sizes": []
                                },
                                "icon_size": {
                                    "unit": "px",
                                    "size": 26,
                                    "sizes": []
                                },
                                "title_bottom_space": {
                                    "unit": "px",
                                    "size": 2,
                                    "sizes": []
                                },
                                "__globals__": {
                                    "primary_color": "globals\/colors?id=primary",
                                    "secondary_color": "globals\/colors?id=secondary",
                                    "title_color": "globals\/colors?id=primary",
                                    "title_typography_typography": "globals\/typography?id=6b76955",
                                    "description_color": "globals\/colors?id=2e0aaa6",
                                    "description_typography_typography": "globals\/typography?id=text"
                                },
                                "_animation": "fadeInUp"
                            },
                            "elements": [],
                            "isInner": false,
                            "widgetType": "icon-box",
                            "elType": "widget"
                        },
                        {
                            "id": "ae58447",
                            "settings": {
                                "text": "Learn more",
                                "_padding": {
                                    "unit": "px",
                                    "top": "025",
                                    "right": "0",
                                    "bottom": "0",
                                    "left": "0",
                                    "isLinked": false
                                },
                                "align_mobile": "center",
                                "_animation": "fadeInUp"
                            },
                            "elements": [],
                            "isInner": false,
                            "widgetType": "button",
                            "elType": "widget"
                        }
                    ],
                    "isInner": false,
                    "elType": "column"
                }
            ],
            "isInner": false,
            "elType": "section"
        },
        {
            "id": "3e48a72",
            "settings": {
                "background_background": "classic",
                "background_image": {
                    "url": "",
                    "id": "",
                    "alt": "",
                    "source": "library"
                },
                "background_position": "center center",
                "background_repeat": "no-repeat",
                "shape_divider_top_width": {
                    "unit": "%",
                    "size": 152,
                    "sizes": []
                },
                "shape_divider_top_height": {
                    "unit": "px",
                    "size": 151,
                    "sizes": []
                },
                "padding": {
                    "unit": "px",
                    "top": "0",
                    "right": "0",
                    "bottom": "075",
                    "left": "0",
                    "isLinked": false
                },
                "__globals__": {
                    "shape_divider_top_color": "globals\/colors?id=primary"
                },
                "shape_divider_top_flip": "yes"
            },
            "elements": [
                {
                    "id": "3dd56591",
                    "settings": {
                        "_column_size": 100,
                        "_inline_size": null,
                        "background_background": "classic",
                        "background_image": {
                            "url": "",
                            "id": "",
                            "alt": "",
                            "source": "library"
                        },
                        "background_position": "initial",
                        "background_ypos": {
                            "unit": "px",
                            "size": 109,
                            "sizes": []
                        },
                        "background_repeat": "no-repeat",
                        "background_size": "initial",
                        "margin": {
                            "unit": "px",
                            "top": "0",
                            "right": "0",
                            "bottom": "0",
                            "left": "0",
                            "isLinked": false
                        }
                    },
                    "elements": [
                        {
                            "id": "463f4f24",
                            "settings": {
                                "structure": "30"
                            },
                            "elements": [
                                {
                                    "id": "2886e540",
                                    "settings": {
                                        "_column_size": 33,
                                        "_inline_size": null,
                                        "content_position": "bottom",
                                        "animation": "fadeInLeft"
                                    },
                                    "elements": [
                                        {
                                            "id": "62639ffa",
                                            "settings": {
                                                "image": {
                                                    "url": "http:\/\/kit.nirmanavisual.com\/skatecourse\/wp-content\/uploads\/sites\/26\/2023\/08\/handsome-redhaired-man-with-long-beard-skateboarding-near-river-at-sunny-summer-days.png",
                                                    "id": 1150,
                                                    "alt": "",
                                                    "source": "library"
                                                },
                                                "title_text": "Michale<br>david",
                                                "description_text": "Lorem ipsum dolor sit amet<br>consectetur. Volutpat odio tellus<br> Volutpat odio tellus neque arcu",
                                                "image_space": {
                                                    "unit": "px",
                                                    "size": "",
                                                    "sizes": []
                                                },
                                                "image_size": {
                                                    "unit": "%",
                                                    "size": 63,
                                                    "sizes": []
                                                },
                                                "__globals__": {
                                                    "title_color": "globals\/colors?id=primary",
                                                    "description_color": "globals\/colors?id=text",
                                                    "title_typography_typography": "globals\/typography?id=8db623a",
                                                    "description_typography_typography": "globals\/typography?id=text"
                                                }
                                            },
                                            "elements": [],
                                            "isInner": false,
                                            "widgetType": "image-box",
                                            "elType": "widget"
                                        }
                                    ],
                                    "isInner": true,
                                    "elType": "column"
                                },
                                {
                                    "id": "3c85d902",
                                    "settings": {
                                        "_column_size": 33,
                                        "_inline_size": null,
                                        "content_position": "bottom",
                                        "margin": {
                                            "unit": "px",
                                            "top": "0",
                                            "right": "00",
                                            "bottom": "0",
                                            "left": "0",
                                            "isLinked": false
                                        },
                                        "animation": "fadeInUp"
                                    },
                                    "elements": [
                                        {
                                            "id": "6d09a44a",
                                            "settings": {
                                                "image": {
                                                    "url": "http:\/\/kit.nirmanavisual.com\/skatecourse\/wp-content\/uploads\/sites\/26\/2023\/07\/Enjoy-all-the-benefits-of-an-Envato-Elements-subscription..png",
                                                    "id": 281,
                                                    "alt": "",
                                                    "source": "library"
                                                },
                                                "title_text": "Robert<br>Gibson",
                                                "description_text": "Lorem ipsum dolor sit amet<br>consectetur. Volutpat odio tellus<br> Volutpat odio tellus neque arcu",
                                                "image_space": {
                                                    "unit": "px",
                                                    "size": 0,
                                                    "sizes": []
                                                },
                                                "image_size": {
                                                    "unit": "%",
                                                    "size": 65,
                                                    "sizes": []
                                                },
                                                "__globals__": {
                                                    "title_color": "globals\/colors?id=text",
                                                    "description_color": "globals\/colors?id=text",
                                                    "title_typography_typography": "globals\/typography?id=8db623a",
                                                    "description_typography_typography": "globals\/typography?id=text"
                                                }
                                            },
                                            "elements": [],
                                            "isInner": false,
                                            "widgetType": "image-box",
                                            "elType": "widget"
                                        }
                                    ],
                                    "isInner": true,
                                    "elType": "column"
                                },
                                {
                                    "id": "6d198e51",
                                    "settings": {
                                        "_column_size": 33,
                                        "_inline_size": null,
                                        "content_position": "bottom",
                                        "margin": {
                                            "unit": "px",
                                            "top": "0",
                                            "right": "00",
                                            "bottom": "0",
                                            "left": "0",
                                            "isLinked": false
                                        },
                                        "animation": "fadeInRight"
                                    },
                                    "elements": [
                                        {
                                            "id": "bca72cd",
                                            "settings": {
                                                "image": {
                                                    "url": "http:\/\/kit.nirmanavisual.com\/skatecourse\/wp-content\/uploads\/sites\/26\/2023\/07\/Young-skateboarder-at-skate-park-indoor.png",
                                                    "id": 282,
                                                    "alt": "",
                                                    "source": "library"
                                                },
                                                "title_text": "Indra<br>Scoope",
                                                "description_text": "Lorem ipsum dolor sit amet<br>consectetur. Volutpat odio tellus<br> Volutpat odio tellus neque arcu",
                                                "image_space": {
                                                    "unit": "px",
                                                    "size": 0,
                                                    "sizes": []
                                                },
                                                "image_size": {
                                                    "unit": "%",
                                                    "size": 65,
                                                    "sizes": []
                                                },
                                                "__globals__": {
                                                    "title_color": "globals\/colors?id=text",
                                                    "description_color": "globals\/colors?id=text",
                                                    "description_typography_typography": "globals\/typography?id=text",
                                                    "title_typography_typography": "globals\/typography?id=8db623a"
                                                }
                                            },
                                            "elements": [],
                                            "isInner": false,
                                            "widgetType": "image-box",
                                            "elType": "widget"
                                        }
                                    ],
                                    "isInner": true,
                                    "elType": "column"
                                }
                            ],
                            "isInner": true,
                            "elType": "section"
                        },
                        {
                            "id": "57f8341b",
                            "settings": {
                                "structure": "30"
                            },
                            "elements": [
                                {
                                    "id": "44f25c06",
                                    "settings": {
                                        "_column_size": 33,
                                        "_inline_size": null,
                                        "content_position": "bottom",
                                        "animation": "fadeInLeft"
                                    },
                                    "elements": [
                                        {
                                            "id": "4e6281b3",
                                            "settings": {
                                                "image": {
                                                    "url": "http:\/\/kit.nirmanavisual.com\/skatecourse\/wp-content\/uploads\/sites\/26\/2023\/08\/Cheerful-young-man-with-skateboards.png",
                                                    "id": 1149,
                                                    "alt": "",
                                                    "source": "library"
                                                },
                                                "title_text": "Andrew<br>Muliana",
                                                "description_text": "Lorem ipsum dolor sit amet<br>consectetur. Volutpat odio tellus<br> Volutpat odio tellus neque arcu",
                                                "image_space": {
                                                    "unit": "px",
                                                    "size": "",
                                                    "sizes": []
                                                },
                                                "image_size": {
                                                    "unit": "%",
                                                    "size": 60,
                                                    "sizes": []
                                                },
                                                "__globals__": {
                                                    "title_color": "globals\/colors?id=text",
                                                    "description_color": "globals\/colors?id=text",
                                                    "title_typography_typography": "globals\/typography?id=8db623a",
                                                    "description_typography_typography": "globals\/typography?id=text"
                                                }
                                            },
                                            "elements": [],
                                            "isInner": false,
                                            "widgetType": "image-box",
                                            "elType": "widget"
                                        }
                                    ],
                                    "isInner": true,
                                    "elType": "column"
                                },
                                {
                                    "id": "2140f47a",
                                    "settings": {
                                        "_column_size": 33,
                                        "_inline_size": null,
                                        "content_position": "bottom",
                                        "margin": {
                                            "unit": "px",
                                            "top": "0",
                                            "right": "00",
                                            "bottom": "0",
                                            "left": "0",
                                            "isLinked": false
                                        },
                                        "animation": "fadeInUp"
                                    },
                                    "elements": [
                                        {
                                            "id": "5bd861e1",
                                            "settings": {
                                                "image": {
                                                    "url": "http:\/\/kit.nirmanavisual.com\/skatecourse\/wp-content\/uploads\/sites\/26\/2023\/08\/Smiling-boy-with-red-headphones-standing-and-holding-skateboards.png",
                                                    "id": 1152,
                                                    "alt": "",
                                                    "source": "library"
                                                },
                                                "title_text": "Alexandru<br>Gibson",
                                                "description_text": "Lorem ipsum dolor sit amet<br>consectetur. Volutpat odio tellus<br> Volutpat odio tellus neque arcu",
                                                "image_space": {
                                                    "unit": "px",
                                                    "size": 0,
                                                    "sizes": []
                                                },
                                                "image_size": {
                                                    "unit": "%",
                                                    "size": 57,
                                                    "sizes": []
                                                },
                                                "__globals__": {
                                                    "title_color": "globals\/colors?id=text",
                                                    "description_color": "globals\/colors?id=text",
                                                    "title_typography_typography": "globals\/typography?id=8db623a",
                                                    "description_typography_typography": "globals\/typography?id=text"
                                                }
                                            },
                                            "elements": [],
                                            "isInner": false,
                                            "widgetType": "image-box",
                                            "elType": "widget"
                                        }
                                    ],
                                    "isInner": true,
                                    "elType": "column"
                                },
                                {
                                    "id": "4623a11d",
                                    "settings": {
                                        "_column_size": 33,
                                        "_inline_size": null,
                                        "content_position": "bottom",
                                        "margin": {
                                            "unit": "px",
                                            "top": "0",
                                            "right": "00",
                                            "bottom": "0",
                                            "left": "0",
                                            "isLinked": false
                                        },
                                        "animation": "fadeInRight"
                                    },
                                    "elements": [
                                        {
                                            "id": "253de3f2",
                                            "settings": {
                                                "image": {
                                                    "url": "http:\/\/kit.nirmanavisual.com\/skatecourse\/wp-content\/uploads\/sites\/26\/2023\/08\/a-man-standing-with-a-skateboards.png",
                                                    "id": 1151,
                                                    "alt": "",
                                                    "source": "library"
                                                },
                                                "title_text": "Ketut<br>Scoope",
                                                "description_text": "Lorem ipsum dolor sit amet<br>consectetur. Volutpat odio tellus<br> Volutpat odio tellus neque arcu",
                                                "image_space": {
                                                    "unit": "px",
                                                    "size": 0,
                                                    "sizes": []
                                                },
                                                "image_size": {
                                                    "unit": "%",
                                                    "size": 57,
                                                    "sizes": []
                                                },
                                                "__globals__": {
                                                    "title_color": "globals\/colors?id=text",
                                                    "description_color": "globals\/colors?id=text",
                                                    "description_typography_typography": "globals\/typography?id=text",
                                                    "title_typography_typography": "globals\/typography?id=8db623a"
                                                }
                                            },
                                            "elements": [],
                                            "isInner": false,
                                            "widgetType": "image-box",
                                            "elType": "widget"
                                        }
                                    ],
                                    "isInner": true,
                                    "elType": "column"
                                }
                            ],
                            "isInner": true,
                            "elType": "section"
                        }
                    ],
                    "isInner": false,
                    "elType": "column"
                }
            ],
            "isInner": false,
            "elType": "section"
        }
    ]
}