{
    "version": "0.4",
    "title": "Archive Post",
    "type": "archive",
    "metadata": {
        "template_type": "archive-blog",
        "include_in_zip": "1",
        "elementor_pro_required": "1",
        "elementor_library_type": "archive",
        "elementor_pro_conditions": [
            "include\/archive\/post_archive"
        ],
        "additional_template_information": [
            "This is a \"Archive\" template for Elementor Pro.",
            "This template will display on: Posts Archive."
        ],
        "wp_page_template": "default"
    },
    "content": [
        {
            "id": "2935a63f",
            "settings": {
                "height": "min-height",
                "custom_height": {
                    "unit": "vh",
                    "size": 49,
                    "sizes": []
                },
                "custom_height_tablet": {
                    "unit": "vh",
                    "size": "",
                    "sizes": []
                },
                "custom_height_mobile": {
                    "unit": "vh",
                    "size": "",
                    "sizes": []
                },
                "background_background": "classic",
                "background_image": {
                    "url": "https:\/\/rockboystudio.com\/template-demo\/autumn\/wp-content\/uploads\/sites\/11\/2022\/01\/10.jpg",
                    "id": 97,
                    "alt": "",
                    "source": "library"
                },
                "background_position": "initial",
                "background_repeat": "no-repeat",
                "background_size": "initial",
                "background_bg_width": {
                    "unit": "%",
                    "size": 28,
                    "sizes": []
                },
                "margin": {
                    "unit": "px",
                    "top": "15",
                    "right": 0,
                    "bottom": "0",
                    "left": 0,
                    "isLinked": false
                },
                "padding": {
                    "unit": "px",
                    "top": "0",
                    "right": "0",
                    "bottom": "0",
                    "left": "0",
                    "isLinked": false
                },
                "pa_condition_repeater": [
                    {
                        "_id": "8fd8827"
                    }
                ],
                "__globals__": {
                    "background_color": "globals\/colors?id=5d7a519"
                },
                "background_position_mobile": "initial",
                "background_xpos": {
                    "unit": "px",
                    "size": 880,
                    "sizes": []
                },
                "background_xpos_mobile": {
                    "unit": "px",
                    "size": 107,
                    "sizes": []
                },
                "background_ypos": {
                    "unit": "px",
                    "size": -66,
                    "sizes": []
                },
                "background_repeat_mobile": "no-repeat",
                "background_size_mobile": "initial",
                "background_bg_width_mobile": {
                    "unit": "px",
                    "size": 405,
                    "sizes": []
                },
                "margin_mobile": {
                    "unit": "px",
                    "top": "0",
                    "right": 0,
                    "bottom": "0",
                    "left": 0,
                    "isLinked": false
                },
                "padding_mobile": {
                    "unit": "px",
                    "top": "0",
                    "right": "10",
                    "bottom": "0",
                    "left": "10",
                    "isLinked": false
                },
                "_title": "Section 1: Header",
                "background_xpos_tablet": {
                    "unit": "px",
                    "size": 372,
                    "sizes": []
                },
                "background_bg_width_tablet": {
                    "unit": "px",
                    "size": 508,
                    "sizes": []
                },
                "margin_tablet": {
                    "unit": "px",
                    "top": "0",
                    "right": 0,
                    "bottom": "0",
                    "left": 0,
                    "isLinked": false
                },
                "padding_tablet": {
                    "unit": "px",
                    "top": "0",
                    "right": "10",
                    "bottom": "0",
                    "left": "10",
                    "isLinked": false
                }
            },
            "elements": [
                {
                    "id": "4168cc48",
                    "settings": {
                        "_column_size": 100,
                        "_inline_size": null,
                        "margin": {
                            "unit": "px",
                            "top": "0",
                            "right": "0",
                            "bottom": "0",
                            "left": "0",
                            "isLinked": false
                        },
                        "padding": {
                            "unit": "px",
                            "top": "0",
                            "right": "0",
                            "bottom": "0",
                            "left": "0",
                            "isLinked": false
                        },
                        "pa_condition_repeater": [
                            {
                                "_id": "dd681c3"
                            }
                        ],
                        "_title": "Content"
                    },
                    "elements": [
                        {
                            "id": "4e9cb10e",
                            "settings": {
                                "title": "News",
                                "header_size": "h6",
                                "ha_advanced_tooltip_content": "I am a tooltip",
                                "pa_condition_repeater": [
                                    {
                                        "_id": "41ddfaa",
                                        "pa_condition_date": "2022\/01\/19",
                                        "pa_condition_date_range": "2022\/01\/19"
                                    }
                                ],
                                "__globals__": {
                                    "title_color": "globals\/colors?id=text",
                                    "typography_typography": "globals\/typography?id=2243e95"
                                }
                            },
                            "elements": [],
                            "isInner": false,
                            "widgetType": "heading",
                            "elType": "widget"
                        },
                        {
                            "id": "285053d7",
                            "settings": {
                                "premium_dual_header_first_header_text": "Autumn",
                                "premium_dual_header_second_header_text": "News",
                                "premium_dual_header_first_header_tag": "h1",
                                "premium_dual_header_text_align": "left",
                                "background_text": "Awesome Title",
                                "ha_advanced_tooltip_content": "I am a tooltip",
                                "pa_condition_repeater": [
                                    {
                                        "_id": "d39d049",
                                        "pa_condition_date": "2022\/01\/19",
                                        "pa_condition_date_range": "2022\/01\/19"
                                    }
                                ],
                                "__globals__": {
                                    "premium_dual_header_first_color": "globals\/colors?id=469cef0",
                                    "premium_dual_header_second_color": "globals\/colors?id=806cfe3",
                                    "first_header_typography_typography": "globals\/typography?id=4eab282",
                                    "second_header_typography_typography": "globals\/typography?id=4eab282"
                                },
                                "premium_dual_header_first_margin": {
                                    "unit": "px",
                                    "top": "0",
                                    "right": "0",
                                    "bottom": "10",
                                    "left": "0",
                                    "isLinked": false
                                },
                                "premium_dual_header_first_padding": {
                                    "unit": "px",
                                    "top": "0",
                                    "right": "0",
                                    "bottom": "0",
                                    "left": "0",
                                    "isLinked": false
                                }
                            },
                            "elements": [],
                            "isInner": false,
                            "widgetType": "premium-addon-dual-header",
                            "elType": "widget"
                        }
                    ],
                    "isInner": false,
                    "elType": "column"
                }
            ],
            "isInner": false,
            "elType": "section"
        },
        {
            "id": "32282d92",
            "settings": {
                "margin": {
                    "unit": "px",
                    "top": "60",
                    "right": 0,
                    "bottom": "60",
                    "left": 0,
                    "isLinked": false
                },
                "padding": {
                    "unit": "px",
                    "top": "0",
                    "right": "0",
                    "bottom": "0",
                    "left": "0",
                    "isLinked": false
                },
                "pa_condition_repeater": [
                    {
                        "_id": "146ce46",
                        "pa_condition_date": "2022\/01\/19",
                        "pa_condition_date_range": "2022\/01\/19"
                    }
                ],
                "margin_mobile": {
                    "unit": "px",
                    "top": "60",
                    "right": 0,
                    "bottom": "0",
                    "left": 0,
                    "isLinked": false
                },
                "padding_mobile": {
                    "unit": "px",
                    "top": "0",
                    "right": "10",
                    "bottom": "0",
                    "left": "10",
                    "isLinked": false
                },
                "margin_tablet": {
                    "unit": "px",
                    "top": "60",
                    "right": 0,
                    "bottom": "0",
                    "left": 0,
                    "isLinked": false
                },
                "padding_tablet": {
                    "unit": "px",
                    "top": "0",
                    "right": "10",
                    "bottom": "0",
                    "left": "10",
                    "isLinked": false
                },
                "_title": "Section 2: News"
            },
            "elements": [
                {
                    "id": "1dcd678c",
                    "settings": {
                        "_column_size": 100,
                        "_inline_size": null,
                        "margin": {
                            "unit": "px",
                            "top": "0",
                            "right": "0",
                            "bottom": "0",
                            "left": "0",
                            "isLinked": false
                        },
                        "padding": {
                            "unit": "px",
                            "top": "0",
                            "right": "0",
                            "bottom": "0",
                            "left": "0",
                            "isLinked": false
                        },
                        "pa_condition_repeater": [
                            {
                                "_id": "3d6a632",
                                "pa_condition_date": "2022\/01\/19",
                                "pa_condition_date_range": "2022\/01\/19"
                            }
                        ]
                    },
                    "elements": [
                        {
                            "id": "16c5345a",
                            "settings": {
                                "title": "News ",
                                "header_size": "h6",
                                "ha_advanced_tooltip_content": "I am a tooltip",
                                "pa_condition_repeater": [
                                    {
                                        "_id": "41ddfaa",
                                        "pa_condition_date": "2022\/01\/19",
                                        "pa_condition_date_range": "2022\/01\/19"
                                    }
                                ],
                                "__globals__": {
                                    "title_color": "globals\/colors?id=text",
                                    "typography_typography": "globals\/typography?id=2243e95"
                                }
                            },
                            "elements": [],
                            "isInner": false,
                            "widgetType": "heading",
                            "elType": "widget"
                        },
                        {
                            "id": "6ea7d310",
                            "settings": {
                                "premium_dual_header_first_header_text": "Latest",
                                "premium_dual_header_second_header_text": "News",
                                "premium_dual_header_first_header_tag": "h4",
                                "premium_dual_header_text_align": "left",
                                "background_text": "Awesome Title",
                                "ha_advanced_tooltip_content": "I am a tooltip",
                                "pa_condition_repeater": [
                                    {
                                        "_id": "d39d049",
                                        "pa_condition_date": "2022\/01\/19",
                                        "pa_condition_date_range": "2022\/01\/19"
                                    }
                                ],
                                "__globals__": {
                                    "premium_dual_header_first_color": "globals\/colors?id=469cef0",
                                    "premium_dual_header_second_color": "globals\/colors?id=806cfe3"
                                },
                                "_margin": {
                                    "unit": "px",
                                    "top": "-10",
                                    "right": "0",
                                    "bottom": "0",
                                    "left": "0",
                                    "isLinked": false
                                },
                                "_padding": {
                                    "unit": "px",
                                    "top": "0",
                                    "right": "0",
                                    "bottom": "0",
                                    "left": "0",
                                    "isLinked": false
                                },
                                "_margin_tablet": {
                                    "unit": "px",
                                    "top": "-10",
                                    "right": "0",
                                    "bottom": "0",
                                    "left": "0",
                                    "isLinked": false
                                },
                                "_margin_mobile": {
                                    "unit": "px",
                                    "top": "-11",
                                    "right": "0",
                                    "bottom": "0",
                                    "left": "0",
                                    "isLinked": false
                                },
                                "_padding_tablet": {
                                    "unit": "px",
                                    "top": "0",
                                    "right": "0",
                                    "bottom": "0",
                                    "left": "0",
                                    "isLinked": false
                                },
                                "_padding_mobile": {
                                    "unit": "px",
                                    "top": "0",
                                    "right": "0",
                                    "bottom": "0",
                                    "left": "0",
                                    "isLinked": false
                                }
                            },
                            "elements": [],
                            "isInner": false,
                            "widgetType": "premium-addon-dual-header",
                            "elType": "widget"
                        },
                        {
                            "id": "6b515672",
                            "settings": {
                                "_skin": "archive_cards",
                                "archive_classic_meta_separator": "\/\/\/",
                                "archive_classic_read_more_text": "Read More \u00bb",
                                "archive_cards_thumbnail_size_size": "full",
                                "archive_cards_meta_separator": "\u2022",
                                "archive_cards_read_more_text": "Read More \u00bb",
                                "archive_cards_show_avatar": "",
                                "archive_full_content_meta_separator": "\/\/\/",
                                "archive_cards_card_border_width": {
                                    "unit": "px",
                                    "size": 1,
                                    "sizes": []
                                },
                                "archive_cards_box_shadow_box_shadow_type": "",
                                "pagination_page_limit": "5",
                                "pagination_prev_label": "&laquo; Previous",
                                "pagination_next_label": "Next &raquo;",
                                "text": "Load More",
                                "load_more_no_posts_custom_message": "No more posts to show",
                                "nothing_found_message": "It seems we can&#039;t find what you&#039;re looking for.",
                                "ha_advanced_tooltip_content": "I am a tooltip",
                                "pa_condition_repeater": [
                                    {
                                        "_id": "7ab4394"
                                    }
                                ],
                                "__globals__": {
                                    "archive_cards_title_typography_typography": "globals\/typography?id=08e68d2",
                                    "archive_cards_title_color": "globals\/colors?id=469cef0",
                                    "archive_cards_meta_color": "globals\/colors?id=9bc47a3",
                                    "archive_cards_excerpt_color": "globals\/colors?id=text",
                                    "archive_cards_excerpt_typography_typography": "globals\/typography?id=text",
                                    "archive_cards_read_more_color": "globals\/colors?id=806cfe3",
                                    "archive_cards_meta_border_color": "globals\/colors?id=01b1395",
                                    "archive_cards_card_border_color": "globals\/colors?id=01b1395",
                                    "archive_cards_badge_bg_color": "globals\/colors?id=806cfe3"
                                },
                                "_margin": {
                                    "unit": "px",
                                    "top": "10",
                                    "right": "0",
                                    "bottom": "0",
                                    "left": "0",
                                    "isLinked": false
                                },
                                "_padding": {
                                    "unit": "px",
                                    "top": "0",
                                    "right": "0",
                                    "bottom": "0",
                                    "left": "0",
                                    "isLinked": false
                                }
                            },
                            "elements": [],
                            "isInner": false,
                            "widgetType": "archive-posts",
                            "elType": "widget"
                        }
                    ],
                    "isInner": false,
                    "elType": "column"
                }
            ],
            "isInner": false,
            "elType": "section"
        }
    ],
    "page_settings": {
        "ha_grid_number": "",
        "ha_grid_zindex": "1000"
    }
}