{
    "version": "0.4",
    "title": "Checkout Page",
    "type": "page",
    "metadata": {
        "template_type": "single-page",
        "include_in_zip": "1",
        "elementor_pro_required": "1",
        "wp_page_template": "elementor_header_footer"
    },
    "content": [
        {
            "id": "3e4742af",
            "settings": {
                "height": "min-height",
                "custom_height": {
                    "unit": "vh",
                    "size": 49,
                    "sizes": []
                },
                "custom_height_tablet": {
                    "unit": "vh",
                    "size": "",
                    "sizes": []
                },
                "custom_height_mobile": {
                    "unit": "vh",
                    "size": "",
                    "sizes": []
                },
                "background_background": "classic",
                "background_image": {
                    "url": "https:\/\/rockboystudio.com\/template-demo\/autumn\/wp-content\/uploads\/sites\/11\/2022\/01\/37.jpg",
                    "id": 825,
                    "alt": "",
                    "source": "library"
                },
                "background_position": "initial",
                "background_repeat": "no-repeat",
                "background_size": "initial",
                "background_bg_width": {
                    "unit": "%",
                    "size": 29,
                    "sizes": []
                },
                "margin": {
                    "unit": "px",
                    "top": "15",
                    "right": 0,
                    "bottom": "0",
                    "left": 0,
                    "isLinked": false
                },
                "padding": {
                    "unit": "px",
                    "top": "0",
                    "right": "0",
                    "bottom": "0",
                    "left": "0",
                    "isLinked": false
                },
                "pa_condition_repeater": [
                    {
                        "_id": "8fd8827"
                    }
                ],
                "__globals__": {
                    "background_color": "globals\/colors?id=5d7a519"
                },
                "background_position_mobile": "initial",
                "background_xpos": {
                    "unit": "px",
                    "size": 1000,
                    "sizes": []
                },
                "background_xpos_mobile": {
                    "unit": "px",
                    "size": 107,
                    "sizes": []
                },
                "background_ypos": {
                    "unit": "px",
                    "size": -42,
                    "sizes": []
                },
                "background_repeat_mobile": "no-repeat",
                "background_size_mobile": "initial",
                "background_bg_width_mobile": {
                    "unit": "px",
                    "size": 405,
                    "sizes": []
                },
                "margin_mobile": {
                    "unit": "px",
                    "top": "0",
                    "right": 0,
                    "bottom": "0",
                    "left": 0,
                    "isLinked": false
                },
                "padding_mobile": {
                    "unit": "px",
                    "top": "0",
                    "right": "10",
                    "bottom": "0",
                    "left": "10",
                    "isLinked": false
                },
                "_title": "Section 1: Header",
                "background_xpos_tablet": {
                    "unit": "px",
                    "size": 372,
                    "sizes": []
                },
                "background_bg_width_tablet": {
                    "unit": "px",
                    "size": 508,
                    "sizes": []
                },
                "margin_tablet": {
                    "unit": "px",
                    "top": "0",
                    "right": 0,
                    "bottom": "0",
                    "left": 0,
                    "isLinked": false
                },
                "padding_tablet": {
                    "unit": "px",
                    "top": "0",
                    "right": "10",
                    "bottom": "0",
                    "left": "10",
                    "isLinked": false
                }
            },
            "elements": [
                {
                    "id": "3025a029",
                    "settings": {
                        "_column_size": 100,
                        "_inline_size": null,
                        "margin": {
                            "unit": "px",
                            "top": "0",
                            "right": "0",
                            "bottom": "0",
                            "left": "0",
                            "isLinked": false
                        },
                        "padding": {
                            "unit": "px",
                            "top": "0",
                            "right": "0",
                            "bottom": "0",
                            "left": "0",
                            "isLinked": false
                        },
                        "pa_condition_repeater": [
                            {
                                "_id": "dd681c3"
                            }
                        ],
                        "_title": "Content"
                    },
                    "elements": [
                        {
                            "id": "1b9bbe0b",
                            "settings": {
                                "title": "My Account",
                                "header_size": "h6",
                                "ha_advanced_tooltip_content": "I am a tooltip",
                                "pa_condition_repeater": [
                                    {
                                        "_id": "41ddfaa",
                                        "pa_condition_date": "2022\/01\/19",
                                        "pa_condition_date_range": "2022\/01\/19"
                                    }
                                ],
                                "__globals__": {
                                    "title_color": "globals\/colors?id=text",
                                    "typography_typography": "globals\/typography?id=2243e95"
                                }
                            },
                            "elements": [],
                            "isInner": false,
                            "widgetType": "heading",
                            "elType": "widget"
                        },
                        {
                            "id": "305538d4",
                            "settings": {
                                "premium_dual_header_first_header_text": "Hello",
                                "premium_dual_header_second_header_text": "Autumn",
                                "premium_dual_header_first_header_tag": "h1",
                                "premium_dual_header_text_align": "left",
                                "background_text": "Awesome Title",
                                "ha_advanced_tooltip_content": "I am a tooltip",
                                "pa_condition_repeater": [
                                    {
                                        "_id": "d39d049",
                                        "pa_condition_date": "2022\/01\/19",
                                        "pa_condition_date_range": "2022\/01\/19"
                                    }
                                ],
                                "__globals__": {
                                    "premium_dual_header_first_color": "globals\/colors?id=469cef0",
                                    "premium_dual_header_second_color": "globals\/colors?id=806cfe3",
                                    "first_header_typography_typography": "globals\/typography?id=92d1476",
                                    "second_header_typography_typography": "globals\/typography?id=92d1476"
                                },
                                "premium_dual_header_first_margin": {
                                    "unit": "px",
                                    "top": "0",
                                    "right": "0",
                                    "bottom": "10",
                                    "left": "0",
                                    "isLinked": false
                                },
                                "premium_dual_header_first_padding": {
                                    "unit": "px",
                                    "top": "0",
                                    "right": "0",
                                    "bottom": "0",
                                    "left": "0",
                                    "isLinked": false
                                },
                                "__dynamic__": {
                                    "premium_dual_header_second_header_text": "[elementor-tag id=\"dd43635\" name=\"author-name\" settings=\"%7B%7D\"]"
                                }
                            },
                            "elements": [],
                            "isInner": false,
                            "widgetType": "premium-addon-dual-header",
                            "elType": "widget"
                        }
                    ],
                    "isInner": false,
                    "elType": "column"
                }
            ],
            "isInner": false,
            "elType": "section"
        },
        {
            "id": "2296d309",
            "settings": {
                "margin": {
                    "unit": "px",
                    "top": "60",
                    "right": 0,
                    "bottom": "60",
                    "left": 0,
                    "isLinked": false
                },
                "padding": {
                    "unit": "px",
                    "top": "0",
                    "right": "0",
                    "bottom": "0",
                    "left": "0",
                    "isLinked": false
                },
                "pa_condition_repeater": [
                    {
                        "_id": "146ce46",
                        "pa_condition_date": "2022\/01\/19",
                        "pa_condition_date_range": "2022\/01\/19"
                    }
                ],
                "margin_mobile": {
                    "unit": "px",
                    "top": "60",
                    "right": 0,
                    "bottom": "0",
                    "left": 0,
                    "isLinked": false
                },
                "padding_mobile": {
                    "unit": "px",
                    "top": "0",
                    "right": "10",
                    "bottom": "0",
                    "left": "10",
                    "isLinked": false
                },
                "margin_tablet": {
                    "unit": "px",
                    "top": "60",
                    "right": 0,
                    "bottom": "0",
                    "left": 0,
                    "isLinked": false
                },
                "padding_tablet": {
                    "unit": "px",
                    "top": "0",
                    "right": "10",
                    "bottom": "0",
                    "left": "10",
                    "isLinked": false
                },
                "_title": "Section 2: Checkout"
            },
            "elements": [
                {
                    "id": "90277d6",
                    "settings": {
                        "_column_size": 100,
                        "_inline_size": null,
                        "margin": {
                            "unit": "px",
                            "top": "0",
                            "right": "0",
                            "bottom": "0",
                            "left": "0",
                            "isLinked": false
                        },
                        "padding": {
                            "unit": "px",
                            "top": "0",
                            "right": "0",
                            "bottom": "0",
                            "left": "0",
                            "isLinked": false
                        },
                        "pa_condition_repeater": [
                            {
                                "_id": "3d6a632",
                                "pa_condition_date": "2022\/01\/19",
                                "pa_condition_date_range": "2022\/01\/19"
                            }
                        ]
                    },
                    "elements": [
                        {
                            "id": "72c3be25",
                            "settings": {
                                "title": "Account",
                                "header_size": "h6",
                                "ha_advanced_tooltip_content": "I am a tooltip",
                                "pa_condition_repeater": [
                                    {
                                        "_id": "41ddfaa",
                                        "pa_condition_date": "2022\/01\/19",
                                        "pa_condition_date_range": "2022\/01\/19"
                                    }
                                ],
                                "__globals__": {
                                    "title_color": "globals\/colors?id=text",
                                    "typography_typography": "globals\/typography?id=2243e95"
                                }
                            },
                            "elements": [],
                            "isInner": false,
                            "widgetType": "heading",
                            "elType": "widget"
                        },
                        {
                            "id": "4b358e69",
                            "settings": {
                                "premium_dual_header_first_header_text": "Checkout",
                                "premium_dual_header_second_header_text": "Page",
                                "premium_dual_header_first_header_tag": "h4",
                                "premium_dual_header_text_align": "left",
                                "background_text": "Awesome Title",
                                "ha_advanced_tooltip_content": "I am a tooltip",
                                "pa_condition_repeater": [
                                    {
                                        "_id": "d39d049",
                                        "pa_condition_date": "2022\/01\/19",
                                        "pa_condition_date_range": "2022\/01\/19"
                                    }
                                ],
                                "__globals__": {
                                    "premium_dual_header_first_color": "globals\/colors?id=469cef0",
                                    "premium_dual_header_second_color": "globals\/colors?id=806cfe3"
                                },
                                "_margin": {
                                    "unit": "px",
                                    "top": "-10",
                                    "right": "0",
                                    "bottom": "20",
                                    "left": "0",
                                    "isLinked": false
                                },
                                "_padding": {
                                    "unit": "px",
                                    "top": "0",
                                    "right": "0",
                                    "bottom": "0",
                                    "left": "0",
                                    "isLinked": false
                                },
                                "_margin_tablet": {
                                    "unit": "px",
                                    "top": "-10",
                                    "right": "0",
                                    "bottom": "0",
                                    "left": "0",
                                    "isLinked": false
                                },
                                "_margin_mobile": {
                                    "unit": "px",
                                    "top": "-11",
                                    "right": "0",
                                    "bottom": "0",
                                    "left": "0",
                                    "isLinked": false
                                },
                                "_padding_tablet": {
                                    "unit": "px",
                                    "top": "0",
                                    "right": "0",
                                    "bottom": "0",
                                    "left": "0",
                                    "isLinked": false
                                },
                                "_padding_mobile": {
                                    "unit": "px",
                                    "top": "0",
                                    "right": "0",
                                    "bottom": "0",
                                    "left": "0",
                                    "isLinked": false
                                }
                            },
                            "elements": [],
                            "isInner": false,
                            "widgetType": "premium-addon-dual-header",
                            "elType": "widget"
                        },
                        {
                            "id": "30882afd",
                            "settings": {
                                "billing_details_section_title": "Billing Details",
                                "billing_details_form_fields": [
                                    {
                                        "field_key": "billing_first_name",
                                        "field_label": "First Name",
                                        "label": "First Name",
                                        "placeholder": "First Name",
                                        "_id": "cf1d194"
                                    },
                                    {
                                        "field_key": "billing_last_name",
                                        "field_label": "Last Name",
                                        "label": "Last Name",
                                        "placeholder": "Last Name",
                                        "_id": "1b0a310"
                                    },
                                    {
                                        "field_key": "billing_company",
                                        "field_label": "Company Name",
                                        "label": "Company Name",
                                        "placeholder": "Company Name",
                                        "_id": "abe4f8f"
                                    },
                                    {
                                        "field_key": "billing_country",
                                        "field_label": "Country \/ Region",
                                        "label": "Country \/ Region",
                                        "placeholder": "Country \/ Region",
                                        "repeater_state": "locale",
                                        "_id": "55afd7c"
                                    },
                                    {
                                        "field_key": "billing_address_1",
                                        "field_label": "Street Address",
                                        "label": "Street Address",
                                        "placeholder": "Street Address",
                                        "repeater_state": "locale",
                                        "_id": "5f25174"
                                    },
                                    {
                                        "field_key": "billing_postcode",
                                        "field_label": "Post Code",
                                        "label": "Post Code",
                                        "placeholder": "Post Code",
                                        "repeater_state": "locale",
                                        "_id": "5c02d0a"
                                    },
                                    {
                                        "field_key": "billing_city",
                                        "field_label": "Town \/ City",
                                        "label": "Town \/ City",
                                        "placeholder": "Town \/ City",
                                        "repeater_state": "locale",
                                        "_id": "41ca548"
                                    },
                                    {
                                        "field_key": "billing_state",
                                        "field_label": "State",
                                        "label": "State",
                                        "placeholder": "State",
                                        "repeater_state": "locale",
                                        "_id": "68fd30e"
                                    },
                                    {
                                        "field_key": "billing_phone",
                                        "field_label": "Phone",
                                        "label": "Phone",
                                        "placeholder": "Phone",
                                        "_id": "fa56c5a"
                                    },
                                    {
                                        "field_key": "billing_email",
                                        "field_label": "Email Address",
                                        "label": "Email Address",
                                        "placeholder": "Email Address",
                                        "_id": "9870221"
                                    }
                                ],
                                "additional_information_section_title": "Additional Information",
                                "additional_information_form_fields": [
                                    {
                                        "field_key": "order_comments",
                                        "field_label": "Order Notes",
                                        "label": "Order Notes",
                                        "placeholder": "Notes about your order, e.g. special notes for delivery.",
                                        "_id": "7d4fd83"
                                    }
                                ],
                                "order_summary_section_title": "Your Order",
                                "coupon_section_title_text": "Have a coupon?",
                                "coupon_section_title_link_text": "Click here to enter your coupon code",
                                "terms_conditions_message_text": "I have read and agree to the website",
                                "terms_conditions_link_text": "terms and conditions",
                                "forms_rows_gap": {
                                    "unit": "px",
                                    "size": 19,
                                    "sizes": [],
                                    "px": 0
                                },
                                "forms_label_spacing": {
                                    "unit": "px",
                                    "size": 16,
                                    "sizes": [],
                                    "px": 0
                                },
                                "forms_fields_border_border": "solid",
                                "forms_fields_border_width": {
                                    "unit": "px",
                                    "top": "0",
                                    "right": "0",
                                    "bottom": "0",
                                    "left": "0",
                                    "isLinked": true
                                },
                                "forms_buttons_normal_background_background": "classic",
                                "forms_buttons_hover_background_background": "classic",
                                "forms_buttons_border_type": "solid",
                                "forms_buttons_border_width": {
                                    "unit": "px",
                                    "top": "1",
                                    "right": "1",
                                    "bottom": "1",
                                    "left": "1",
                                    "isLinked": true
                                },
                                "purchase_button_normal_background_background": "classic",
                                "purchase_button_hover_background_background": "classic",
                                "ha_advanced_tooltip_content": "I am a tooltip",
                                "pa_condition_repeater": [
                                    {
                                        "_id": "083949d"
                                    }
                                ],
                                "__globals__": {
                                    "forms_buttons_normal_background_color": "globals\/colors?id=469cef0",
                                    "forms_buttons_normal_text_color": "globals\/colors?id=e21fdbe",
                                    "forms_buttons_hover_background_color": "globals\/colors?id=806cfe3",
                                    "forms_buttons_hover_text_color": "globals\/colors?id=e21fdbe",
                                    "purchase_button_normal_background_color": "globals\/colors?id=806cfe3",
                                    "purchase_button_normal_text_color": "globals\/colors?id=e21fdbe",
                                    "purchase_button_hover_background_color": "globals\/colors?id=469cef0",
                                    "purchase_button_hover_text_color": "globals\/colors?id=e21fdbe",
                                    "sections_title_color": "globals\/colors?id=469cef0",
                                    "sections_secondary_title_color": "globals\/colors?id=text",
                                    "forms_fields_border_color": "globals\/colors?id=806cfe3",
                                    "forms_fields_normal_color": "globals\/colors?id=text",
                                    "forms_buttons_border_color": "globals\/colors?id=01b1395"
                                }
                            },
                            "elements": [],
                            "isInner": false,
                            "widgetType": "woocommerce-checkout-page",
                            "elType": "widget"
                        }
                    ],
                    "isInner": false,
                    "elType": "column"
                }
            ],
            "isInner": false,
            "elType": "section"
        }
    ],
    "page_settings": {
        "ha_grid_number": "",
        "ha_grid_zindex": "1000",
        "eael_ext_toc_title": "Table of Contents",
        "template": "elementor_header_footer"
    }
}