{
    "version": "0.4",
    "title": "Contact Page",
    "type": "page",
    "metadata": {
        "template_type": "single-page",
        "include_in_zip": "1",
        "elementor_pro_required": "1",
        "wp_page_template": "elementor_header_footer"
    },
    "content": [
        {
            "id": "ed7a8c3",
            "settings": {
                "height": "min-height",
                "custom_height": {
                    "unit": "vh",
                    "size": 49,
                    "sizes": []
                },
                "custom_height_tablet": {
                    "unit": "vh",
                    "size": "",
                    "sizes": []
                },
                "custom_height_mobile": {
                    "unit": "vh",
                    "size": "",
                    "sizes": []
                },
                "background_background": "classic",
                "background_image": {
                    "url": "https:\/\/rockboystudio.com\/template-demo\/autumn\/wp-content\/uploads\/sites\/11\/2022\/01\/12.jpg",
                    "id": 114,
                    "alt": "",
                    "source": "library"
                },
                "background_position": "initial",
                "background_repeat": "no-repeat",
                "background_size": "initial",
                "background_bg_width": {
                    "unit": "%",
                    "size": 38,
                    "sizes": []
                },
                "margin": {
                    "unit": "px",
                    "top": "15",
                    "right": 0,
                    "bottom": "0",
                    "left": 0,
                    "isLinked": false
                },
                "padding": {
                    "unit": "px",
                    "top": "0",
                    "right": "0",
                    "bottom": "0",
                    "left": "0",
                    "isLinked": false
                },
                "pa_condition_repeater": [
                    {
                        "_id": "8fd8827"
                    }
                ],
                "__globals__": {
                    "background_color": "globals\/colors?id=5d7a519"
                },
                "background_position_mobile": "initial",
                "background_xpos": {
                    "unit": "px",
                    "size": 800,
                    "sizes": []
                },
                "background_xpos_mobile": {
                    "unit": "px",
                    "size": 107,
                    "sizes": []
                },
                "background_ypos": {
                    "unit": "px",
                    "size": -25,
                    "sizes": []
                },
                "background_repeat_mobile": "no-repeat",
                "background_size_mobile": "initial",
                "background_bg_width_mobile": {
                    "unit": "px",
                    "size": 405,
                    "sizes": []
                },
                "margin_mobile": {
                    "unit": "px",
                    "top": "0",
                    "right": 0,
                    "bottom": "0",
                    "left": 0,
                    "isLinked": false
                },
                "padding_mobile": {
                    "unit": "px",
                    "top": "0",
                    "right": "10",
                    "bottom": "0",
                    "left": "10",
                    "isLinked": false
                },
                "_title": "Section 1: Header",
                "background_xpos_tablet": {
                    "unit": "px",
                    "size": 372,
                    "sizes": []
                },
                "background_bg_width_tablet": {
                    "unit": "px",
                    "size": 508,
                    "sizes": []
                },
                "margin_tablet": {
                    "unit": "px",
                    "top": "0",
                    "right": 0,
                    "bottom": "0",
                    "left": 0,
                    "isLinked": false
                },
                "padding_tablet": {
                    "unit": "px",
                    "top": "0",
                    "right": "10",
                    "bottom": "0",
                    "left": "10",
                    "isLinked": false
                }
            },
            "elements": [
                {
                    "id": "69850c0d",
                    "settings": {
                        "_column_size": 100,
                        "_inline_size": null,
                        "margin": {
                            "unit": "px",
                            "top": "0",
                            "right": "0",
                            "bottom": "0",
                            "left": "0",
                            "isLinked": false
                        },
                        "padding": {
                            "unit": "px",
                            "top": "0",
                            "right": "0",
                            "bottom": "0",
                            "left": "0",
                            "isLinked": false
                        },
                        "pa_condition_repeater": [
                            {
                                "_id": "dd681c3"
                            }
                        ],
                        "_title": "Content"
                    },
                    "elements": [
                        {
                            "id": "dbfce37",
                            "settings": {
                                "title": "Contact Us",
                                "header_size": "h6",
                                "ha_advanced_tooltip_content": "I am a tooltip",
                                "pa_condition_repeater": [
                                    {
                                        "_id": "41ddfaa",
                                        "pa_condition_date": "2022\/01\/19",
                                        "pa_condition_date_range": "2022\/01\/19"
                                    }
                                ],
                                "__globals__": {
                                    "title_color": "globals\/colors?id=text",
                                    "typography_typography": "globals\/typography?id=2243e95"
                                }
                            },
                            "elements": [],
                            "isInner": false,
                            "widgetType": "heading",
                            "elType": "widget"
                        },
                        {
                            "id": "287744e2",
                            "settings": {
                                "premium_dual_header_first_header_text": "Contact",
                                "premium_dual_header_second_header_text": "Autumn",
                                "premium_dual_header_first_header_tag": "h1",
                                "premium_dual_header_text_align": "left",
                                "background_text": "Awesome Title",
                                "ha_advanced_tooltip_content": "I am a tooltip",
                                "pa_condition_repeater": [
                                    {
                                        "_id": "d39d049",
                                        "pa_condition_date": "2022\/01\/19",
                                        "pa_condition_date_range": "2022\/01\/19"
                                    }
                                ],
                                "__globals__": {
                                    "premium_dual_header_first_color": "globals\/colors?id=469cef0",
                                    "premium_dual_header_second_color": "globals\/colors?id=806cfe3",
                                    "first_header_typography_typography": "globals\/typography?id=4eab282",
                                    "second_header_typography_typography": "globals\/typography?id=4eab282"
                                },
                                "premium_dual_header_first_margin": {
                                    "unit": "px",
                                    "top": "0",
                                    "right": "0",
                                    "bottom": "10",
                                    "left": "0",
                                    "isLinked": false
                                },
                                "premium_dual_header_first_padding": {
                                    "unit": "px",
                                    "top": "0",
                                    "right": "0",
                                    "bottom": "0",
                                    "left": "0",
                                    "isLinked": false
                                }
                            },
                            "elements": [],
                            "isInner": false,
                            "widgetType": "premium-addon-dual-header",
                            "elType": "widget"
                        }
                    ],
                    "isInner": false,
                    "elType": "column"
                }
            ],
            "isInner": false,
            "elType": "section"
        },
        {
            "id": "36801f7a",
            "settings": {
                "structure": "20",
                "border_border": "solid",
                "border_width": {
                    "unit": "px",
                    "top": "0",
                    "right": "0",
                    "bottom": "0",
                    "left": "0",
                    "isLinked": false
                },
                "margin": {
                    "unit": "px",
                    "top": "60",
                    "right": 0,
                    "bottom": "0",
                    "left": 0,
                    "isLinked": false
                },
                "padding": {
                    "unit": "px",
                    "top": "0",
                    "right": "0",
                    "bottom": "0",
                    "left": "40",
                    "isLinked": false
                },
                "margin_tablet": {
                    "unit": "px",
                    "top": "60",
                    "right": 0,
                    "bottom": "0",
                    "left": 0,
                    "isLinked": false
                },
                "padding_tablet": {
                    "unit": "px",
                    "top": "0",
                    "right": "20",
                    "bottom": "0",
                    "left": "20",
                    "isLinked": false
                },
                "padding_mobile": {
                    "unit": "px",
                    "top": "0",
                    "right": "20",
                    "bottom": "0",
                    "left": "20",
                    "isLinked": false
                },
                "_title": "Section 2",
                "pa_condition_repeater": [
                    {
                        "_id": "cb45305"
                    }
                ]
            },
            "elements": [
                {
                    "id": "64837ab2",
                    "settings": {
                        "_column_size": 50,
                        "_inline_size": null,
                        "border_border": "solid",
                        "border_width": {
                            "unit": "px",
                            "top": "1",
                            "right": "1",
                            "bottom": "1",
                            "left": "1",
                            "isLinked": true
                        },
                        "border_radius": {
                            "unit": "px",
                            "top": "5",
                            "right": "0",
                            "bottom": "0",
                            "left": "5",
                            "isLinked": false
                        },
                        "margin": {
                            "unit": "px",
                            "top": "0",
                            "right": "0",
                            "bottom": "0",
                            "left": "0",
                            "isLinked": false
                        },
                        "padding": {
                            "unit": "px",
                            "top": "0",
                            "right": "50",
                            "bottom": "0",
                            "left": "50",
                            "isLinked": false
                        },
                        "__globals__": {
                            "border_color": "globals\/colors?id=01b1395"
                        },
                        "content_position": "center",
                        "border_radius_mobile": {
                            "unit": "px",
                            "top": "5",
                            "right": "5",
                            "bottom": "0",
                            "left": "0",
                            "isLinked": false
                        },
                        "padding_mobile": {
                            "unit": "px",
                            "top": "50",
                            "right": "50",
                            "bottom": "50",
                            "left": "50",
                            "isLinked": true
                        },
                        "_title": "Content",
                        "pa_condition_repeater": [
                            {
                                "_id": "ca0dd20"
                            }
                        ]
                    },
                    "elements": [
                        {
                            "id": "276f9e2a",
                            "settings": {
                                "image": {
                                    "url": "https:\/\/rockboystudio.com\/template-demo\/autumn\/wp-content\/uploads\/sites\/11\/2022\/01\/6.png",
                                    "id": 70,
                                    "alt": "",
                                    "source": "library"
                                },
                                "align": "left",
                                "width": {
                                    "unit": "%",
                                    "size": 30,
                                    "sizes": []
                                },
                                "ha_advanced_tooltip_content": "I am a tooltip",
                                "pa_condition_repeater": [
                                    {
                                        "_id": "4399af9"
                                    }
                                ]
                            },
                            "elements": [],
                            "isInner": false,
                            "widgetType": "image",
                            "elType": "widget"
                        },
                        {
                            "id": "5b0cc457",
                            "settings": {
                                "editor": "<p>London Eye, Riverside Building, County Hall, London SE1 7PB, England, United Kingdom<\/p>",
                                "_margin": {
                                    "unit": "px",
                                    "top": "5",
                                    "right": "0",
                                    "bottom": "0",
                                    "left": "0",
                                    "isLinked": false
                                },
                                "_padding": {
                                    "unit": "px",
                                    "top": "0",
                                    "right": "0",
                                    "bottom": "0",
                                    "left": "0",
                                    "isLinked": false
                                },
                                "ha_advanced_tooltip_content": "I am a tooltip",
                                "pa_condition_repeater": [
                                    {
                                        "_id": "e3615b6"
                                    }
                                ],
                                "__globals__": {
                                    "text_color": "globals\/colors?id=701052c",
                                    "typography_typography": "globals\/typography?id=eece785"
                                }
                            },
                            "elements": [],
                            "isInner": false,
                            "widgetType": "text-editor",
                            "elType": "widget"
                        },
                        {
                            "id": "5722a130",
                            "settings": {
                                "icon_list": [
                                    {
                                        "text": "Autumn Fashion",
                                        "selected_icon": {
                                            "value": "fab fa-facebook-f",
                                            "library": "fa-brands"
                                        },
                                        "_id": "2888553",
                                        "link": {
                                            "url": "#\/",
                                            "is_external": "",
                                            "nofollow": "",
                                            "custom_attributes": ""
                                        }
                                    },
                                    {
                                        "text": "@autumn.fashion",
                                        "selected_icon": {
                                            "value": "fab fa-instagram",
                                            "library": "fa-brands"
                                        },
                                        "_id": "eb3f436",
                                        "link": {
                                            "url": "#\/",
                                            "is_external": "",
                                            "nofollow": "",
                                            "custom_attributes": ""
                                        }
                                    },
                                    {
                                        "text": "Autumn  Official",
                                        "selected_icon": {
                                            "value": "fab fa-youtube",
                                            "library": "fa-brands"
                                        },
                                        "_id": "f9543bf",
                                        "link": {
                                            "url": "#\/",
                                            "is_external": "",
                                            "nofollow": "",
                                            "custom_attributes": ""
                                        }
                                    },
                                    {
                                        "text": "+1 222 333 444",
                                        "selected_icon": {
                                            "value": "fab fa-whatsapp",
                                            "library": "fa-brands"
                                        },
                                        "_id": "9bb239a",
                                        "link": {
                                            "url": "#\/",
                                            "is_external": "",
                                            "nofollow": "",
                                            "custom_attributes": ""
                                        }
                                    }
                                ],
                                "space_between": {
                                    "unit": "px",
                                    "size": 16,
                                    "sizes": []
                                },
                                "text_indent": {
                                    "unit": "px",
                                    "size": 9,
                                    "sizes": []
                                },
                                "_margin": {
                                    "unit": "px",
                                    "top": "0",
                                    "right": "0",
                                    "bottom": "0",
                                    "left": "0",
                                    "isLinked": false
                                },
                                "_padding": {
                                    "unit": "px",
                                    "top": "0",
                                    "right": "0",
                                    "bottom": "0",
                                    "left": "0",
                                    "isLinked": false
                                },
                                "ha_advanced_tooltip_content": "I am a tooltip",
                                "pa_condition_repeater": [
                                    {
                                        "_id": "aa6ebc4"
                                    }
                                ],
                                "__globals__": {
                                    "text_color": "globals\/colors?id=text",
                                    "icon_typography_typography": "globals\/typography?id=3dcb384",
                                    "icon_color": "globals\/colors?id=469cef0",
                                    "icon_color_hover": "globals\/colors?id=806cfe3",
                                    "text_color_hover": "globals\/colors?id=806cfe3"
                                }
                            },
                            "elements": [],
                            "isInner": false,
                            "widgetType": "icon-list",
                            "elType": "widget"
                        }
                    ],
                    "isInner": false,
                    "elType": "column"
                },
                {
                    "id": "2d73a907",
                    "settings": {
                        "_column_size": 50,
                        "_inline_size": null,
                        "border_width": {
                            "unit": "px",
                            "top": "0",
                            "right": "0",
                            "bottom": "0",
                            "left": "1",
                            "isLinked": false
                        },
                        "margin": {
                            "unit": "px",
                            "top": "0",
                            "right": "0",
                            "bottom": "0",
                            "left": "0",
                            "isLinked": false
                        },
                        "padding": {
                            "unit": "px",
                            "top": "50",
                            "right": "50",
                            "bottom": "50",
                            "left": "50",
                            "isLinked": false
                        },
                        "__globals__": {
                            "border_color": "globals\/colors?id=cfb90bb",
                            "background_color": "globals\/colors?id=469cef0"
                        },
                        "_title": "Form",
                        "content_position": "center",
                        "background_background": "classic",
                        "border_radius": {
                            "unit": "px",
                            "top": "0",
                            "right": "5",
                            "bottom": "5",
                            "left": "0",
                            "isLinked": false
                        },
                        "_inline_size_tablet": 50,
                        "border_radius_mobile": {
                            "unit": "px",
                            "top": "0",
                            "right": "0",
                            "bottom": "0",
                            "left": "0",
                            "isLinked": false
                        },
                        "margin_mobile": {
                            "unit": "px",
                            "top": "0",
                            "right": "0",
                            "bottom": "0",
                            "left": "0",
                            "isLinked": false
                        },
                        "padding_mobile": {
                            "unit": "px",
                            "top": "20",
                            "right": "20",
                            "bottom": "20",
                            "left": "20",
                            "isLinked": false
                        },
                        "pa_condition_repeater": [
                            {
                                "_id": "65f05a5"
                            }
                        ]
                    },
                    "elements": [
                        {
                            "id": "49bd79a",
                            "settings": {
                                "premium_dual_header_first_header_text": "Leave us ",
                                "premium_dual_header_second_header_text": "Message",
                                "premium_dual_header_first_header_tag": "h4",
                                "background_text": "Awesome Title",
                                "_margin": {
                                    "unit": "px",
                                    "top": "0",
                                    "right": "0",
                                    "bottom": "0",
                                    "left": "0",
                                    "isLinked": false
                                },
                                "_padding": {
                                    "unit": "px",
                                    "top": "20",
                                    "right": "0",
                                    "bottom": "20",
                                    "left": "0",
                                    "isLinked": false
                                },
                                "ha_advanced_tooltip_content": "I am a tooltip",
                                "pa_condition_repeater": [
                                    {
                                        "_id": "4460b31"
                                    }
                                ],
                                "_border_border": "solid",
                                "_border_width": {
                                    "unit": "px",
                                    "top": "1",
                                    "right": "1",
                                    "bottom": "1",
                                    "left": "1",
                                    "isLinked": true
                                },
                                "__globals__": {
                                    "premium_dual_header_first_color": "globals\/colors?id=e21fdbe",
                                    "premium_dual_header_second_color": "globals\/colors?id=e21fdbe",
                                    "first_header_typography_typography": "",
                                    "second_header_typography_typography": "",
                                    "_border_color": "globals\/colors?id=6418579"
                                }
                            },
                            "elements": [],
                            "isInner": false,
                            "widgetType": "premium-addon-dual-header",
                            "elType": "widget"
                        },
                        {
                            "id": "4975021b",
                            "settings": {
                                "form_name": "New Form",
                                "form_fields": [
                                    {
                                        "custom_id": "name",
                                        "field_label": "Name",
                                        "placeholder": "Your Full Name",
                                        "_id": "d5e2739",
                                        "previous_button": "",
                                        "next_button": "",
                                        "file_sizes": "",
                                        "file_types": "",
                                        "allow_multiple_upload": "",
                                        "max_files": "",
                                        "acceptance_text": "",
                                        "checked_by_default": "",
                                        "field_min": "",
                                        "field_max": "",
                                        "min_date": "",
                                        "max_date": "",
                                        "use_native_date": "",
                                        "use_native_time": ""
                                    },
                                    {
                                        "custom_id": "email",
                                        "required": "true",
                                        "field_label": "Phone Number",
                                        "placeholder": "Phone Number",
                                        "_id": "3710b0f",
                                        "previous_button": "",
                                        "next_button": "",
                                        "file_sizes": "",
                                        "file_types": "",
                                        "allow_multiple_upload": "",
                                        "max_files": "",
                                        "acceptance_text": "",
                                        "checked_by_default": "",
                                        "field_min": "",
                                        "field_max": "",
                                        "min_date": "",
                                        "max_date": "",
                                        "use_native_date": "",
                                        "use_native_time": ""
                                    },
                                    {
                                        "custom_id": "field_43d7860",
                                        "field_type": "date",
                                        "required": "true",
                                        "field_label": "Date",
                                        "placeholder": "Booked Date",
                                        "_id": "43d7860",
                                        "previous_button": "",
                                        "next_button": "",
                                        "file_sizes": "",
                                        "file_types": "",
                                        "allow_multiple_upload": "",
                                        "max_files": "",
                                        "acceptance_text": "",
                                        "checked_by_default": "",
                                        "field_min": "",
                                        "field_max": "",
                                        "min_date": "",
                                        "max_date": "",
                                        "use_native_date": "",
                                        "use_native_time": ""
                                    },
                                    {
                                        "custom_id": "message",
                                        "field_type": "time",
                                        "field_label": "Time",
                                        "placeholder": "Time",
                                        "_id": "dd05447",
                                        "previous_button": "",
                                        "next_button": "",
                                        "file_sizes": "",
                                        "file_types": "",
                                        "allow_multiple_upload": "",
                                        "max_files": "",
                                        "acceptance_text": "",
                                        "checked_by_default": "",
                                        "field_min": "",
                                        "field_max": "",
                                        "min_date": "",
                                        "max_date": "",
                                        "use_native_date": "",
                                        "use_native_time": ""
                                    }
                                ],
                                "show_labels": "",
                                "step_next_label": "Next",
                                "step_previous_label": "Previous",
                                "button_text": "Send",
                                "email_content": "[all-fields]",
                                "email_content_2": "[all-fields]",
                                "success_message": "The form was sent successfully.",
                                "error_message": "An error occurred.",
                                "required_field_message": "This field is required.",
                                "invalid_message": "There's something wrong. The form is invalid.",
                                "row_gap": {
                                    "unit": "px",
                                    "size": 31,
                                    "sizes": []
                                },
                                "ha_advanced_tooltip_content": "I am a tooltip",
                                "__globals__": {
                                    "field_background_color": "globals\/colors?id=e21fdbe",
                                    "field_border_color": "globals\/colors?id=e21fdbe",
                                    "field_text_color": "globals\/colors?id=469cef0",
                                    "field_typography_typography": "globals\/typography?id=3dcb384",
                                    "button_background_color": "globals\/colors?id=806cfe3",
                                    "button_typography_typography": "",
                                    "html_typography_typography": "",
                                    "previous_button_background_color": "globals\/colors?id=806cfe3",
                                    "_border_color": "globals\/colors?id=6418579",
                                    "html_color": "globals\/colors?id=b9835d0"
                                },
                                "button_width": "30",
                                "button_text_padding": {
                                    "unit": "px",
                                    "top": "0",
                                    "right": "50",
                                    "bottom": "0",
                                    "left": "50",
                                    "isLinked": false
                                },
                                "pa_condition_repeater": [
                                    {
                                        "_id": "8361b4c"
                                    }
                                ],
                                "_padding": {
                                    "unit": "px",
                                    "top": "50",
                                    "right": "50",
                                    "bottom": "50",
                                    "left": "50",
                                    "isLinked": true
                                },
                                "_padding_mobile": {
                                    "unit": "px",
                                    "top": "20",
                                    "right": "20",
                                    "bottom": "20",
                                    "left": "20",
                                    "isLinked": true
                                },
                                "_border_border": "solid",
                                "_border_width": {
                                    "unit": "px",
                                    "top": "1",
                                    "right": "1",
                                    "bottom": "1",
                                    "left": "1",
                                    "isLinked": true
                                },
                                "button_border_radius": {
                                    "unit": "px",
                                    "top": "3",
                                    "right": "3",
                                    "bottom": "3",
                                    "left": "3",
                                    "isLinked": true
                                }
                            },
                            "elements": [],
                            "isInner": false,
                            "widgetType": "form",
                            "elType": "widget"
                        }
                    ],
                    "isInner": false,
                    "elType": "column"
                }
            ],
            "isInner": false,
            "elType": "section"
        },
        {
            "id": "230c7842",
            "settings": {
                "margin": {
                    "unit": "px",
                    "top": "0",
                    "right": 0,
                    "bottom": "60",
                    "left": 0,
                    "isLinked": false
                },
                "margin_tablet": {
                    "unit": "px",
                    "top": "0",
                    "right": 0,
                    "bottom": "60",
                    "left": 0,
                    "isLinked": false
                },
                "margin_mobile": {
                    "unit": "px",
                    "top": "0",
                    "right": 0,
                    "bottom": "60",
                    "left": 0,
                    "isLinked": false
                },
                "padding": {
                    "unit": "px",
                    "top": "0",
                    "right": "0",
                    "bottom": "0",
                    "left": "40",
                    "isLinked": false
                },
                "padding_tablet": {
                    "unit": "px",
                    "top": "0",
                    "right": "20",
                    "bottom": "0",
                    "left": "20",
                    "isLinked": false
                },
                "padding_mobile": {
                    "unit": "px",
                    "top": "0",
                    "right": "20",
                    "bottom": "0",
                    "left": "20",
                    "isLinked": false
                },
                "_title": "Section 3",
                "pa_condition_repeater": [
                    {
                        "_id": "af93d6c"
                    }
                ]
            },
            "elements": [
                {
                    "id": "4d208147",
                    "settings": {
                        "_column_size": 100,
                        "_inline_size": null,
                        "margin": {
                            "unit": "px",
                            "top": "0",
                            "right": "0",
                            "bottom": "0",
                            "left": "0",
                            "isLinked": false
                        },
                        "padding": {
                            "unit": "px",
                            "top": "0",
                            "right": "0",
                            "bottom": "0",
                            "left": "0",
                            "isLinked": false
                        },
                        "_title": "Content",
                        "pa_condition_repeater": [
                            {
                                "_id": "40090e0"
                            }
                        ]
                    },
                    "elements": [
                        {
                            "id": "17689b6f",
                            "settings": {
                                "address": "London Eye, London, United Kingdom",
                                "height": {
                                    "unit": "px",
                                    "size": 416,
                                    "sizes": []
                                },
                                "ha_advanced_tooltip_content": "I am a tooltip",
                                "pa_condition_repeater": [
                                    {
                                        "_id": "88e1b44"
                                    }
                                ]
                            },
                            "elements": [],
                            "isInner": false,
                            "widgetType": "google_maps",
                            "elType": "widget"
                        }
                    ],
                    "isInner": false,
                    "elType": "column"
                }
            ],
            "isInner": false,
            "elType": "section"
        }
    ],
    "page_settings": {
        "ha_grid_number": "",
        "ha_grid_zindex": "1000",
        "eael_ext_toc_title": "Table of Contents",
        "template": "elementor_header_footer"
    }
}