{
    "version": "0.4",
    "title": "Footer",
    "type": "footer",
    "metadata": {
        "template_type": "section-footer",
        "include_in_zip": "1",
        "elementor_pro_required": "1",
        "elementor_library_type": "footer",
        "elementor_pro_conditions": [
            "include\/general"
        ],
        "additional_template_information": [
            "This is a \"Footer\" template for Elementor Pro.",
            "This template will display on: Entire Site."
        ],
        "wp_page_template": "default"
    },
    "content": [
        {
            "id": "7b08cc3d",
            "settings": {
                "content_position": "top",
                "structure": "20",
                "background_background": "classic",
                "margin": {
                    "unit": "px",
                    "top": "0",
                    "right": 0,
                    "bottom": "0",
                    "left": 0,
                    "isLinked": false
                },
                "padding": {
                    "unit": "px",
                    "top": "50",
                    "right": "0",
                    "bottom": "30",
                    "left": "0",
                    "isLinked": false
                },
                "pa_condition_repeater": [
                    {
                        "_id": "2f076f8"
                    }
                ],
                "__globals__": {
                    "background_color": "globals\/colors?id=469cef0"
                },
                "margin_mobile": {
                    "unit": "px",
                    "top": "0",
                    "right": 0,
                    "bottom": "0",
                    "left": 0,
                    "isLinked": false
                },
                "padding_mobile": {
                    "unit": "px",
                    "top": "30",
                    "right": "30",
                    "bottom": "30",
                    "left": "30",
                    "isLinked": true
                },
                "padding_tablet": {
                    "unit": "px",
                    "top": "30",
                    "right": "30",
                    "bottom": "30",
                    "left": "30",
                    "isLinked": true
                }
            },
            "elements": [
                {
                    "id": "d90b4f8",
                    "settings": {
                        "_column_size": 50,
                        "_inline_size": null,
                        "margin": {
                            "unit": "px",
                            "top": "0",
                            "right": "0",
                            "bottom": "0",
                            "left": "0",
                            "isLinked": false
                        },
                        "padding": {
                            "unit": "px",
                            "top": "0",
                            "right": "0",
                            "bottom": "0",
                            "left": "0",
                            "isLinked": false
                        },
                        "pa_condition_repeater": [
                            {
                                "_id": "115503f"
                            }
                        ]
                    },
                    "elements": [
                        {
                            "id": "413fffac",
                            "settings": {
                                "premium_dual_header_first_header_text": "Keep",
                                "premium_dual_header_second_header_text": "Connected",
                                "premium_dual_header_first_header_tag": "h4",
                                "premium_dual_header_text_align": "left",
                                "background_text": "Awesome Title",
                                "ha_advanced_tooltip_content": "I am a tooltip",
                                "pa_condition_repeater": [
                                    {
                                        "_id": "d39d049"
                                    }
                                ],
                                "__globals__": {
                                    "premium_dual_header_first_color": "globals\/colors?id=e21fdbe",
                                    "premium_dual_header_second_color": "globals\/colors?id=806cfe3"
                                },
                                "_margin": {
                                    "unit": "px",
                                    "top": "0",
                                    "right": "0",
                                    "bottom": "0",
                                    "left": "0",
                                    "isLinked": false
                                },
                                "_padding": {
                                    "unit": "px",
                                    "top": "0",
                                    "right": "0",
                                    "bottom": "0",
                                    "left": "0",
                                    "isLinked": false
                                }
                            },
                            "elements": [],
                            "isInner": false,
                            "widgetType": "premium-addon-dual-header",
                            "elType": "widget"
                        },
                        {
                            "id": "5223ded3",
                            "settings": {
                                "editor": "<p>*Get 10% Discount for New Coustomer of Autumn<\/p>",
                                "align": "left",
                                "_margin": {
                                    "unit": "px",
                                    "top": "-14",
                                    "right": "0",
                                    "bottom": "0",
                                    "left": "0",
                                    "isLinked": false
                                },
                                "_padding": {
                                    "unit": "px",
                                    "top": "0",
                                    "right": "0",
                                    "bottom": "0",
                                    "left": "0",
                                    "isLinked": false
                                },
                                "ha_advanced_tooltip_content": "I am a tooltip",
                                "pa_condition_repeater": [
                                    {
                                        "_id": "ace9df7"
                                    }
                                ],
                                "__globals__": {
                                    "text_color": "globals\/colors?id=e21fdbe",
                                    "typography_typography": ""
                                },
                                "align_mobile": "center"
                            },
                            "elements": [],
                            "isInner": false,
                            "widgetType": "text-editor",
                            "elType": "widget"
                        }
                    ],
                    "isInner": false,
                    "elType": "column"
                },
                {
                    "id": "6d39bc6b",
                    "settings": {
                        "_column_size": 50,
                        "_inline_size": null,
                        "margin": {
                            "unit": "px",
                            "top": "0",
                            "right": "0",
                            "bottom": "0",
                            "left": "0",
                            "isLinked": false
                        },
                        "padding": {
                            "unit": "px",
                            "top": "0",
                            "right": "0",
                            "bottom": "0",
                            "left": "0",
                            "isLinked": false
                        },
                        "pa_condition_repeater": [
                            {
                                "_id": "115503f"
                            }
                        ]
                    },
                    "elements": [
                        {
                            "id": "5647580b",
                            "settings": {
                                "form_name": "New Form",
                                "form_fields": [
                                    {
                                        "custom_id": "email",
                                        "field_type": "email",
                                        "required": "true",
                                        "field_label": "Email",
                                        "placeholder": "Enter Your Email..",
                                        "width": "80",
                                        "_id": "181afcf",
                                        "width_mobile": "70"
                                    }
                                ],
                                "show_labels": "",
                                "button_width": "20",
                                "step_next_label": "Next",
                                "step_previous_label": "Previous",
                                "button_text": "Subscribe",
                                "email_content": "[all-fields]",
                                "email_content_2": "[all-fields]",
                                "success_message": "The form was sent successfully.",
                                "error_message": "An error occurred.",
                                "required_field_message": "This field is required.",
                                "invalid_message": "There&#039;s something wrong. The form is invalid.",
                                "column_gap": {
                                    "unit": "px",
                                    "size": 0,
                                    "sizes": []
                                },
                                "row_gap": {
                                    "unit": "px",
                                    "size": 20,
                                    "sizes": []
                                },
                                "label_spacing": {
                                    "unit": "px",
                                    "size": 4,
                                    "sizes": []
                                },
                                "field_border_width": {
                                    "unit": "px",
                                    "top": "0",
                                    "right": "0",
                                    "bottom": "0",
                                    "left": "0",
                                    "isLinked": false
                                },
                                "field_border_radius": {
                                    "unit": "px",
                                    "top": "3",
                                    "right": "0",
                                    "bottom": "0",
                                    "left": "3",
                                    "isLinked": false
                                },
                                "button_border_width": {
                                    "unit": "px",
                                    "top": "1",
                                    "right": "1",
                                    "bottom": "1",
                                    "left": "1",
                                    "isLinked": true
                                },
                                "button_border_radius": {
                                    "unit": "px",
                                    "top": "0",
                                    "right": "3",
                                    "bottom": "3",
                                    "left": "0",
                                    "isLinked": false
                                },
                                "button_text_padding": {
                                    "unit": "px",
                                    "top": "10",
                                    "right": "10",
                                    "bottom": "10",
                                    "left": "10",
                                    "isLinked": false
                                },
                                "ha_advanced_tooltip_content": "I am a tooltip",
                                "pa_condition_repeater": [
                                    {
                                        "_id": "4232aef"
                                    }
                                ],
                                "__globals__": {
                                    "field_border_color": "",
                                    "field_background_color": "globals\/colors?id=5d7a519",
                                    "previous_button_background_color": "",
                                    "button_background_color": "globals\/colors?id=806cfe3",
                                    "field_text_color": "",
                                    "field_typography_typography": "globals\/typography?id=2243e95",
                                    "button_border_color": "",
                                    "button_typography_typography": "globals\/typography?id=2243e95"
                                },
                                "input_size": "md",
                                "button_size": "md",
                                "button_width_mobile": "30"
                            },
                            "elements": [],
                            "isInner": false,
                            "widgetType": "form",
                            "elType": "widget"
                        }
                    ],
                    "isInner": false,
                    "elType": "column"
                }
            ],
            "isInner": false,
            "elType": "section"
        },
        {
            "id": "21eee048",
            "settings": {
                "layout": "full_width",
                "pa_condition_repeater": [
                    {
                        "_id": "b81dc11"
                    }
                ]
            },
            "elements": [
                {
                    "id": "43d120e7",
                    "settings": {
                        "_column_size": 100,
                        "_inline_size": null,
                        "margin": {
                            "unit": "px",
                            "top": "0",
                            "right": "0",
                            "bottom": "0",
                            "left": "0",
                            "isLinked": false
                        },
                        "padding": {
                            "unit": "px",
                            "top": "0",
                            "right": "0",
                            "bottom": "0",
                            "left": "0",
                            "isLinked": false
                        },
                        "pa_condition_repeater": [
                            {
                                "_id": "695f0f4"
                            }
                        ]
                    },
                    "elements": [
                        {
                            "id": "45993646",
                            "settings": {
                                "gallery": [
                                    {
                                        "id": 114,
                                        "url": "https:\/\/rockboystudio.com\/template-demo\/autumn\/wp-content\/uploads\/sites\/11\/2022\/01\/12.jpg"
                                    },
                                    {
                                        "id": 210,
                                        "url": "https:\/\/rockboystudio.com\/template-demo\/autumn\/wp-content\/uploads\/sites\/11\/2022\/01\/19.jpg"
                                    },
                                    {
                                        "id": 193,
                                        "url": "https:\/\/rockboystudio.com\/template-demo\/autumn\/wp-content\/uploads\/sites\/11\/2022\/01\/18.jpg"
                                    },
                                    {
                                        "id": 336,
                                        "url": "https:\/\/rockboystudio.com\/template-demo\/autumn\/wp-content\/uploads\/sites\/11\/2022\/01\/20.jpg"
                                    },
                                    {
                                        "id": 89,
                                        "url": "https:\/\/rockboystudio.com\/template-demo\/autumn\/wp-content\/uploads\/sites\/11\/2022\/01\/9.jpg"
                                    }
                                ],
                                "galleries": [
                                    {
                                        "gallery_title": "New Gallery",
                                        "_id": "6e5a8b3"
                                    }
                                ],
                                "columns": 5,
                                "gap": {
                                    "unit": "px",
                                    "size": 0,
                                    "sizes": []
                                },
                                "thumbnail_image_size": "full",
                                "show_all_galleries_label": "All",
                                "ha_advanced_tooltip_content": "I am a tooltip",
                                "pa_condition_repeater": [
                                    {
                                        "_id": "f9508e4"
                                    }
                                ],
                                "columns_mobile": 3,
                                "gap_mobile": {
                                    "unit": "px",
                                    "size": 0,
                                    "sizes": []
                                },
                                "columns_tablet": 5,
                                "gap_tablet": {
                                    "unit": "px",
                                    "size": 0,
                                    "sizes": []
                                }
                            },
                            "elements": [],
                            "isInner": false,
                            "widgetType": "gallery",
                            "elType": "widget"
                        }
                    ],
                    "isInner": false,
                    "elType": "column"
                }
            ],
            "isInner": false,
            "elType": "section"
        },
        {
            "id": "123a8274",
            "settings": {
                "custom_height": {
                    "unit": "px",
                    "size": 422,
                    "sizes": []
                },
                "column_position": "top",
                "content_position": "middle",
                "structure": "50",
                "background_background": "classic",
                "margin": {
                    "unit": "px",
                    "top": "0",
                    "right": 0,
                    "bottom": "0",
                    "left": 0,
                    "isLinked": false
                },
                "padding": {
                    "unit": "px",
                    "top": "100",
                    "right": "0",
                    "bottom": "100",
                    "left": "0",
                    "isLinked": false
                },
                "pa_condition_repeater": [
                    {
                        "_id": "3c0615f"
                    }
                ],
                "__globals__": {
                    "background_color": "globals\/colors?id=5d7a519"
                },
                "margin_mobile": {
                    "unit": "px",
                    "top": "0",
                    "right": 0,
                    "bottom": "0",
                    "left": 0,
                    "isLinked": false
                },
                "padding_mobile": {
                    "unit": "px",
                    "top": "50",
                    "right": "20",
                    "bottom": "0",
                    "left": "20",
                    "isLinked": false
                },
                "margin_tablet": {
                    "unit": "px",
                    "top": "0",
                    "right": 0,
                    "bottom": "0",
                    "left": 0,
                    "isLinked": false
                },
                "padding_tablet": {
                    "unit": "px",
                    "top": "100",
                    "right": "50",
                    "bottom": "100",
                    "left": "20",
                    "isLinked": false
                }
            },
            "elements": [
                {
                    "id": "19c44ff4",
                    "settings": {
                        "_column_size": 20,
                        "_inline_size": 23.244,
                        "margin": {
                            "unit": "px",
                            "top": "0",
                            "right": "0",
                            "bottom": "0",
                            "left": "0",
                            "isLinked": false
                        },
                        "padding": {
                            "unit": "px",
                            "top": "0",
                            "right": "0",
                            "bottom": "0",
                            "left": "0",
                            "isLinked": false
                        },
                        "pa_condition_repeater": [
                            {
                                "_id": "820fac5"
                            }
                        ],
                        "content_position": "top"
                    },
                    "elements": [
                        {
                            "id": "664413f3",
                            "settings": {
                                "title": "About Us",
                                "header_size": "h6",
                                "ha_advanced_tooltip_content": "I am a tooltip",
                                "pa_condition_repeater": [
                                    {
                                        "_id": "5b0a199"
                                    }
                                ],
                                "__globals__": {
                                    "title_color": "globals\/colors?id=701052c",
                                    "typography_typography": "globals\/typography?id=eece785"
                                }
                            },
                            "elements": [],
                            "isInner": false,
                            "widgetType": "heading",
                            "elType": "widget"
                        },
                        {
                            "id": "19e656bd",
                            "settings": {
                                "editor": "<p>Lorem ipsum dolor sit amet, consectetur adipiscing elit, sed do eiusmod tempor incididunt ut labore.<\/p>",
                                "ha_advanced_tooltip_content": "I am a tooltip",
                                "pa_condition_repeater": [
                                    {
                                        "_id": "86eb79c"
                                    }
                                ],
                                "__globals__": {
                                    "text_color": "globals\/colors?id=701052c",
                                    "typography_typography": "globals\/typography?id=039aa48"
                                },
                                "align": "left"
                            },
                            "elements": [],
                            "isInner": false,
                            "widgetType": "text-editor",
                            "elType": "widget"
                        },
                        {
                            "id": "774938cc",
                            "settings": {
                                "social_icon_list": [
                                    {
                                        "social_icon": {
                                            "value": "fab fa-facebook",
                                            "library": "fa-brands"
                                        },
                                        "_id": "0087f2f"
                                    },
                                    {
                                        "social_icon": {
                                            "value": "fab fa-twitter",
                                            "library": "fa-brands"
                                        },
                                        "_id": "c760e85"
                                    },
                                    {
                                        "social_icon": {
                                            "value": "fab fa-youtube",
                                            "library": "fa-brands"
                                        },
                                        "_id": "dc73dc3"
                                    },
                                    {
                                        "social_icon": {
                                            "value": "fab fa-instagram",
                                            "library": "fa-brands"
                                        },
                                        "_id": "9da7c34"
                                    }
                                ],
                                "align": "left",
                                "icon_color": "custom",
                                "icon_size": {
                                    "unit": "px",
                                    "size": 8,
                                    "sizes": []
                                },
                                "icon_padding": {
                                    "unit": "em",
                                    "size": 1.1,
                                    "sizes": []
                                },
                                "image_border_border": "solid",
                                "image_border_width": {
                                    "unit": "px",
                                    "top": "0",
                                    "right": "0",
                                    "bottom": "0",
                                    "left": "0",
                                    "isLinked": true
                                },
                                "border_radius": {
                                    "unit": "px",
                                    "top": "100",
                                    "right": "100",
                                    "bottom": "100",
                                    "left": "100",
                                    "isLinked": true
                                },
                                "ha_advanced_tooltip_content": "I am a tooltip",
                                "pa_condition_repeater": [
                                    {
                                        "_id": "ba9ff54"
                                    }
                                ],
                                "__globals__": {
                                    "icon_secondary_color": "",
                                    "icon_primary_color": "",
                                    "image_border_color": "globals\/colors?id=806cfe3"
                                }
                            },
                            "elements": [],
                            "isInner": false,
                            "widgetType": "social-icons",
                            "elType": "widget"
                        }
                    ],
                    "isInner": false,
                    "elType": "column"
                },
                {
                    "id": "3e24083a",
                    "settings": {
                        "_column_size": 20,
                        "_inline_size": 20.596,
                        "pa_condition_repeater": [
                            {
                                "_id": "820fac5"
                            }
                        ],
                        "content_position": "top",
                        "margin": {
                            "unit": "px",
                            "top": "0",
                            "right": "0",
                            "bottom": "0",
                            "left": "30",
                            "isLinked": false
                        },
                        "padding": {
                            "unit": "px",
                            "top": "0",
                            "right": "0",
                            "bottom": "0",
                            "left": "0",
                            "isLinked": false
                        },
                        "margin_mobile": {
                            "unit": "px",
                            "top": "40",
                            "right": "0",
                            "bottom": "0",
                            "left": "0",
                            "isLinked": false
                        },
                        "padding_mobile": {
                            "unit": "px",
                            "top": "0",
                            "right": "0",
                            "bottom": "0",
                            "left": "0",
                            "isLinked": false
                        }
                    },
                    "elements": [
                        {
                            "id": "23a869b1",
                            "settings": {
                                "title": "Quicklinks",
                                "header_size": "h6",
                                "ha_advanced_tooltip_content": "I am a tooltip",
                                "pa_condition_repeater": [
                                    {
                                        "_id": "5b0a199"
                                    }
                                ],
                                "__globals__": {
                                    "title_color": "globals\/colors?id=701052c",
                                    "typography_typography": "globals\/typography?id=eece785"
                                }
                            },
                            "elements": [],
                            "isInner": false,
                            "widgetType": "heading",
                            "elType": "widget"
                        },
                        {
                            "id": "14053414",
                            "settings": {
                                "layout": "vertical",
                                "pointer": "none",
                                "dropdown": "none",
                                "padding_horizontal_menu_item": {
                                    "unit": "px",
                                    "size": 0,
                                    "sizes": []
                                },
                                "padding_vertical_menu_item": {
                                    "unit": "px",
                                    "size": 6,
                                    "sizes": []
                                },
                                "ha_advanced_tooltip_content": "I am a tooltip",
                                "pa_condition_repeater": [
                                    {
                                        "_id": "c56733c"
                                    }
                                ],
                                "__globals__": {
                                    "color_menu_item": "globals\/colors?id=text",
                                    "menu_typography_typography": "globals\/typography?id=2243e95",
                                    "color_menu_item_hover": "globals\/colors?id=806cfe3",
                                    "color_menu_item_active": "globals\/colors?id=806cfe3"
                                }
                            },
                            "elements": [],
                            "isInner": false,
                            "widgetType": "nav-menu",
                            "elType": "widget"
                        }
                    ],
                    "isInner": false,
                    "elType": "column"
                },
                {
                    "id": "6c40e839",
                    "settings": {
                        "_column_size": 20,
                        "_inline_size": 17.353,
                        "pa_condition_repeater": [
                            {
                                "_id": "820fac5"
                            }
                        ],
                        "content_position": "top",
                        "margin": {
                            "unit": "px",
                            "top": "0",
                            "right": "0",
                            "bottom": "0",
                            "left": "10",
                            "isLinked": false
                        },
                        "padding": {
                            "unit": "px",
                            "top": "0",
                            "right": "0",
                            "bottom": "0",
                            "left": "0",
                            "isLinked": false
                        },
                        "margin_mobile": {
                            "unit": "px",
                            "top": "30",
                            "right": "0",
                            "bottom": "0",
                            "left": "0",
                            "isLinked": false
                        },
                        "padding_mobile": {
                            "unit": "px",
                            "top": "0",
                            "right": "0",
                            "bottom": "0",
                            "left": "0",
                            "isLinked": false
                        }
                    },
                    "elements": [
                        {
                            "id": "2ddef8e2",
                            "settings": {
                                "title": "Customer",
                                "header_size": "h6",
                                "ha_advanced_tooltip_content": "I am a tooltip",
                                "pa_condition_repeater": [
                                    {
                                        "_id": "5b0a199"
                                    }
                                ],
                                "__globals__": {
                                    "title_color": "globals\/colors?id=701052c",
                                    "typography_typography": "globals\/typography?id=eece785"
                                }
                            },
                            "elements": [],
                            "isInner": false,
                            "widgetType": "heading",
                            "elType": "widget"
                        },
                        {
                            "id": "45e21b1c",
                            "settings": {
                                "layout": "vertical",
                                "pointer": "none",
                                "dropdown": "none",
                                "padding_horizontal_menu_item": {
                                    "unit": "px",
                                    "size": 0,
                                    "sizes": []
                                },
                                "padding_vertical_menu_item": {
                                    "unit": "px",
                                    "size": 6,
                                    "sizes": []
                                },
                                "ha_advanced_tooltip_content": "I am a tooltip",
                                "pa_condition_repeater": [
                                    {
                                        "_id": "c56733c"
                                    }
                                ],
                                "__globals__": {
                                    "color_menu_item": "globals\/colors?id=text",
                                    "menu_typography_typography": "globals\/typography?id=2243e95",
                                    "color_menu_item_hover": "globals\/colors?id=806cfe3",
                                    "color_menu_item_active": "globals\/colors?id=806cfe3"
                                }
                            },
                            "elements": [],
                            "isInner": false,
                            "widgetType": "nav-menu",
                            "elType": "widget"
                        }
                    ],
                    "isInner": false,
                    "elType": "column"
                },
                {
                    "id": "6ae1a9ef",
                    "settings": {
                        "_column_size": 20,
                        "_inline_size": 17.536,
                        "pa_condition_repeater": [
                            {
                                "_id": "820fac5"
                            }
                        ],
                        "content_position": "top",
                        "margin": {
                            "unit": "px",
                            "top": "0",
                            "right": "0",
                            "bottom": "0",
                            "left": "0",
                            "isLinked": false
                        },
                        "padding": {
                            "unit": "px",
                            "top": "0",
                            "right": "0",
                            "bottom": "0",
                            "left": "0",
                            "isLinked": false
                        },
                        "margin_mobile": {
                            "unit": "px",
                            "top": "30",
                            "right": "0",
                            "bottom": "0",
                            "left": "0",
                            "isLinked": false
                        },
                        "padding_mobile": {
                            "unit": "px",
                            "top": "0",
                            "right": "0",
                            "bottom": "0",
                            "left": "0",
                            "isLinked": false
                        }
                    },
                    "elements": [
                        {
                            "id": "63f566d",
                            "settings": {
                                "title": "Information",
                                "header_size": "h6",
                                "ha_advanced_tooltip_content": "I am a tooltip",
                                "pa_condition_repeater": [
                                    {
                                        "_id": "5b0a199"
                                    }
                                ],
                                "__globals__": {
                                    "title_color": "globals\/colors?id=701052c",
                                    "typography_typography": "globals\/typography?id=eece785"
                                }
                            },
                            "elements": [],
                            "isInner": false,
                            "widgetType": "heading",
                            "elType": "widget"
                        },
                        {
                            "id": "464e99",
                            "settings": {
                                "layout": "vertical",
                                "pointer": "none",
                                "dropdown": "none",
                                "padding_horizontal_menu_item": {
                                    "unit": "px",
                                    "size": 0,
                                    "sizes": []
                                },
                                "padding_vertical_menu_item": {
                                    "unit": "px",
                                    "size": 6,
                                    "sizes": []
                                },
                                "ha_advanced_tooltip_content": "I am a tooltip",
                                "pa_condition_repeater": [
                                    {
                                        "_id": "c56733c"
                                    }
                                ],
                                "__globals__": {
                                    "color_menu_item": "globals\/colors?id=text",
                                    "menu_typography_typography": "globals\/typography?id=2243e95",
                                    "color_menu_item_hover": "globals\/colors?id=806cfe3",
                                    "color_menu_item_active": "globals\/colors?id=806cfe3"
                                }
                            },
                            "elements": [],
                            "isInner": false,
                            "widgetType": "nav-menu",
                            "elType": "widget"
                        }
                    ],
                    "isInner": false,
                    "elType": "column"
                },
                {
                    "id": "13981daa",
                    "settings": {
                        "_column_size": 20,
                        "_inline_size": 21.228,
                        "pa_condition_repeater": [
                            {
                                "_id": "820fac5"
                            }
                        ],
                        "content_position": "top",
                        "margin": {
                            "unit": "px",
                            "top": "0",
                            "right": "0",
                            "bottom": "0",
                            "left": "0",
                            "isLinked": false
                        },
                        "padding": {
                            "unit": "px",
                            "top": "0",
                            "right": "0",
                            "bottom": "0",
                            "left": "0",
                            "isLinked": false
                        },
                        "margin_mobile": {
                            "unit": "px",
                            "top": "30",
                            "right": "0",
                            "bottom": "40",
                            "left": "0",
                            "isLinked": false
                        },
                        "padding_mobile": {
                            "unit": "px",
                            "top": "0",
                            "right": "0",
                            "bottom": "0",
                            "left": "0",
                            "isLinked": false
                        }
                    },
                    "elements": [
                        {
                            "id": "6c2dc85d",
                            "settings": {
                                "title": "Address",
                                "header_size": "h6",
                                "ha_advanced_tooltip_content": "I am a tooltip",
                                "pa_condition_repeater": [
                                    {
                                        "_id": "5b0a199"
                                    }
                                ],
                                "__globals__": {
                                    "title_color": "globals\/colors?id=701052c",
                                    "typography_typography": "globals\/typography?id=eece785"
                                }
                            },
                            "elements": [],
                            "isInner": false,
                            "widgetType": "heading",
                            "elType": "widget"
                        },
                        {
                            "id": "5de7e520",
                            "settings": {
                                "icon_list": [
                                    {
                                        "text": "Riverside Building, County Hall, ",
                                        "selected_icon": {
                                            "value": "fas fa-map-marker-alt",
                                            "library": "fa-solid"
                                        },
                                        "_id": "e41ab19"
                                    },
                                    {
                                        "text": "+1 222 333 444",
                                        "selected_icon": {
                                            "value": "fas fa-phone-alt",
                                            "library": "fa-solid"
                                        },
                                        "_id": "cf003a7"
                                    },
                                    {
                                        "text": "autumn.fashion@mail.co",
                                        "selected_icon": {
                                            "value": "far fa-envelope",
                                            "library": "fa-regular"
                                        },
                                        "_id": "a86df44"
                                    }
                                ],
                                "space_between": {
                                    "unit": "px",
                                    "size": 11,
                                    "sizes": []
                                },
                                "icon_align": "left",
                                "icon_self_align": "left",
                                "ha_advanced_tooltip_content": "I am a tooltip",
                                "pa_condition_repeater": [
                                    {
                                        "_id": "beb3bf8"
                                    }
                                ],
                                "__globals__": {
                                    "text_color": "",
                                    "icon_typography_typography": "globals\/typography?id=2243e95",
                                    "icon_color": "globals\/colors?id=701052c"
                                }
                            },
                            "elements": [],
                            "isInner": false,
                            "widgetType": "icon-list",
                            "elType": "widget"
                        }
                    ],
                    "isInner": false,
                    "elType": "column"
                }
            ],
            "isInner": false,
            "elType": "section"
        },
        {
            "id": "9754c78",
            "settings": {
                "structure": "30",
                "background_background": "classic",
                "border_border": "solid",
                "border_width": {
                    "unit": "px",
                    "top": "1",
                    "right": "0",
                    "bottom": "0",
                    "left": "0",
                    "isLinked": false
                },
                "margin": {
                    "unit": "px",
                    "top": "0",
                    "right": 0,
                    "bottom": "0",
                    "left": 0,
                    "isLinked": false
                },
                "padding": {
                    "unit": "px",
                    "top": "20",
                    "right": "0",
                    "bottom": "20",
                    "left": "0",
                    "isLinked": false
                },
                "pa_condition_repeater": [
                    {
                        "_id": "55bf7de"
                    }
                ],
                "__globals__": {
                    "background_color": "globals\/colors?id=5d7a519",
                    "border_color": "globals\/colors?id=01b1395"
                },
                "padding_mobile": {
                    "unit": "px",
                    "top": "0",
                    "right": "0",
                    "bottom": "0",
                    "left": "0",
                    "isLinked": false
                },
                "content_position": "middle",
                "padding_tablet": {
                    "unit": "px",
                    "top": "15",
                    "right": "20",
                    "bottom": "15",
                    "left": "20",
                    "isLinked": false
                }
            },
            "elements": [
                {
                    "id": "1e259dae",
                    "settings": {
                        "_column_size": 33,
                        "_inline_size": null,
                        "margin": {
                            "unit": "px",
                            "top": "0",
                            "right": "0",
                            "bottom": "0",
                            "left": "0",
                            "isLinked": false
                        },
                        "padding": {
                            "unit": "px",
                            "top": "0",
                            "right": "0",
                            "bottom": "0",
                            "left": "0",
                            "isLinked": false
                        },
                        "pa_condition_repeater": [
                            {
                                "_id": "b76d4aa"
                            }
                        ],
                        "_inline_size_tablet": 36
                    },
                    "elements": [
                        {
                            "id": "4ebb91d1",
                            "settings": {
                                "title": "Copyright Autumn. 2021. All Right Reserved",
                                "ha_advanced_tooltip_content": "I am a tooltip",
                                "pa_condition_repeater": [
                                    {
                                        "_id": "49f2898"
                                    }
                                ],
                                "__globals__": {
                                    "title_color": "",
                                    "typography_typography": "globals\/typography?id=2243e95"
                                },
                                "align_mobile": "center",
                                "header_size": "h6"
                            },
                            "elements": [],
                            "isInner": false,
                            "widgetType": "heading",
                            "elType": "widget"
                        }
                    ],
                    "isInner": false,
                    "elType": "column"
                },
                {
                    "id": "79f2dad0",
                    "settings": {
                        "_column_size": 33,
                        "_inline_size": null,
                        "margin": {
                            "unit": "px",
                            "top": "0",
                            "right": "0",
                            "bottom": "0",
                            "left": "0",
                            "isLinked": false
                        },
                        "padding": {
                            "unit": "px",
                            "top": "0",
                            "right": "0",
                            "bottom": "0",
                            "left": "0",
                            "isLinked": false
                        },
                        "pa_condition_repeater": [
                            {
                                "_id": "b76d4aa"
                            }
                        ],
                        "hide_mobile": "hidden-mobile"
                    },
                    "elements": [
                        {
                            "id": "7fe46498",
                            "settings": {
                                "__dynamic__": {
                                    "image": "[elementor-tag id=\"\" name=\"site-logo\" settings=\"%7B%7D\"]",
                                    "link": "[elementor-tag id=\"\" name=\"site-url\" settings=\"%7B%7D\"]"
                                },
                                "align": "center",
                                "width": {
                                    "unit": "%",
                                    "size": 32,
                                    "sizes": []
                                },
                                "ha_advanced_tooltip_content": "I am a tooltip",
                                "pa_condition_repeater": [
                                    {
                                        "_id": "5f274a7"
                                    }
                                ],
                                "align_mobile": "center",
                                "image": {
                                    "url": "https:\/\/rockboystudio.com\/template-demo\/kidzie\/wp-content\/plugins\/elementor\/assets\/images\/placeholder.png",
                                    "id": ""
                                }
                            },
                            "elements": [],
                            "isInner": false,
                            "widgetType": "theme-site-logo",
                            "elType": "widget"
                        }
                    ],
                    "isInner": false,
                    "elType": "column"
                },
                {
                    "id": "53c7921a",
                    "settings": {
                        "_column_size": 33,
                        "_inline_size": null,
                        "margin": {
                            "unit": "px",
                            "top": "0",
                            "right": "0",
                            "bottom": "0",
                            "left": "0",
                            "isLinked": false
                        },
                        "padding": {
                            "unit": "px",
                            "top": "0",
                            "right": "0",
                            "bottom": "0",
                            "left": "0",
                            "isLinked": false
                        },
                        "pa_condition_repeater": [
                            {
                                "_id": "b76d4aa"
                            }
                        ],
                        "margin_mobile": {
                            "unit": "px",
                            "top": "10",
                            "right": "0",
                            "bottom": "10",
                            "left": "0",
                            "isLinked": false
                        },
                        "padding_mobile": {
                            "unit": "px",
                            "top": "0",
                            "right": "0",
                            "bottom": "0",
                            "left": "0",
                            "isLinked": false
                        },
                        "hide_mobile": "hidden-mobile",
                        "_inline_size_tablet": 30
                    },
                    "elements": [
                        {
                            "id": "63730175",
                            "settings": {
                                "social_icon_list": [
                                    {
                                        "social_icon": {
                                            "value": "fab fa-cc-mastercard",
                                            "library": "fa-brands"
                                        },
                                        "_id": "32e692e"
                                    },
                                    {
                                        "social_icon": {
                                            "value": "fab fa-cc-visa",
                                            "library": "fa-brands"
                                        },
                                        "_id": "5d7bd57"
                                    },
                                    {
                                        "social_icon": {
                                            "value": "fab fa-cc-paypal",
                                            "library": "fa-brands"
                                        },
                                        "_id": "92887df"
                                    },
                                    {
                                        "social_icon": {
                                            "value": "fab fa-cc-jcb",
                                            "library": "fa-brands"
                                        },
                                        "_id": "6f64aab"
                                    },
                                    {
                                        "social_icon": {
                                            "value": "fab fa-cc-discover",
                                            "library": "fa-brands"
                                        },
                                        "_id": "dc0d2d4"
                                    },
                                    {
                                        "social_icon": {
                                            "value": "fab fa-cc-amazon-pay",
                                            "library": "fa-brands"
                                        },
                                        "_id": "88c9c31"
                                    }
                                ],
                                "align": "right",
                                "icon_color": "custom",
                                "icon_size": {
                                    "unit": "px",
                                    "size": 13,
                                    "sizes": []
                                },
                                "icon_padding": {
                                    "unit": "em",
                                    "size": 0.5,
                                    "sizes": []
                                },
                                "icon_spacing": {
                                    "unit": "px",
                                    "size": 8,
                                    "sizes": []
                                },
                                "image_border_width": {
                                    "unit": "px",
                                    "top": "1",
                                    "right": "1",
                                    "bottom": "1",
                                    "left": "1",
                                    "isLinked": true
                                },
                                "ha_advanced_tooltip_content": "I am a tooltip",
                                "pa_condition_repeater": [
                                    {
                                        "_id": "ba9ff54"
                                    }
                                ],
                                "__globals__": {
                                    "icon_secondary_color": "globals\/colors?id=e21fdbe",
                                    "icon_primary_color": "globals\/colors?id=806cfe3",
                                    "image_border_color": ""
                                },
                                "align_mobile": "center",
                                "_margin_mobile": {
                                    "unit": "px",
                                    "top": "0",
                                    "right": "0",
                                    "bottom": "0",
                                    "left": "0",
                                    "isLinked": false
                                },
                                "_padding_mobile": {
                                    "unit": "px",
                                    "top": "0",
                                    "right": "0",
                                    "bottom": "0",
                                    "left": "0",
                                    "isLinked": false
                                }
                            },
                            "elements": [],
                            "isInner": false,
                            "widgetType": "social-icons",
                            "elType": "widget"
                        }
                    ],
                    "isInner": false,
                    "elType": "column"
                }
            ],
            "isInner": false,
            "elType": "section"
        }
    ],
    "page_settings": {
        "ha_grid_number": "",
        "ha_grid_zindex": "1000"
    }
}