{
    "version": "0.4",
    "title": "Global Kit Styles",
    "type": "section",
    "metadata": {
        "template_type": "global-styles",
        "include_in_zip": "1",
        "elementor_pro_required": "1",
        "additional_template_information": [
            "These are the global theme styles configured through the Elementor Theme Styles area."
        ],
        "wp_page_template": "default"
    },
    "content": [],
    "page_settings": {
        "woocommerce_cart_page_id": 6,
        "woocommerce_myaccount_page_id": 8,
        "system_colors": [
            {
                "_id": "primary",
                "title": "Primary",
                "color": "#6EC1E4"
            },
            {
                "_id": "secondary",
                "title": "Secondary",
                "color": "#54595F"
            },
            {
                "_id": "text",
                "title": "Text",
                "color": "#7A7A7A"
            },
            {
                "_id": "accent",
                "title": "Accent",
                "color": "#61CE70"
            }
        ],
        "custom_colors": [
            {
                "_id": "469cef0",
                "title": "Black",
                "color": "#000000"
            },
            {
                "_id": "e21fdbe",
                "title": "White",
                "color": "#FFFFFF"
            },
            {
                "_id": "806cfe3",
                "title": "Orange Red",
                "color": "#FC4919"
            },
            {
                "_id": "01b1395",
                "title": "Whisper",
                "color": "#EEEEEE"
            },
            {
                "_id": "7e344d1",
                "title": "Grey",
                "color": "#7A7A7A"
            },
            {
                "_id": "5d7a519",
                "title": "Magnolia",
                "color": "#F5F4F8"
            },
            {
                "_id": "b9835d0",
                "title": "Transparent",
                "color": "#02010100"
            },
            {
                "_id": "9bc47a3",
                "title": "Gainsboro",
                "color": "#DADADA"
            },
            {
                "_id": "6418579",
                "title": "Semi White",
                "color": "#FFFFFF66"
            }
        ],
        "system_typography": [
            {
                "_id": "primary",
                "title": "Primary",
                "typography_typography": "custom",
                "typography_font_family": "Roboto",
                "typography_font_weight": "600"
            },
            {
                "_id": "secondary",
                "title": "Secondary",
                "typography_typography": "custom",
                "typography_font_family": "Roboto Slab",
                "typography_font_weight": "400"
            },
            {
                "_id": "text",
                "title": "Text",
                "typography_typography": "custom",
                "typography_font_family": "Poppins",
                "typography_font_weight": "400",
                "typography_font_size": {
                    "unit": "px",
                    "size": 12,
                    "sizes": []
                },
                "typography_line_height": {
                    "unit": "em",
                    "size": 1.8,
                    "sizes": []
                }
            },
            {
                "_id": "accent",
                "title": "Accent",
                "typography_typography": "custom",
                "typography_font_family": "Roboto",
                "typography_font_weight": "500"
            }
        ],
        "custom_typography": [
            {
                "_id": "4eab282",
                "title": "Header 1",
                "typography_typography": "custom",
                "typography_font_family": "Poppins",
                "typography_font_size": {
                    "unit": "px",
                    "size": 42,
                    "sizes": []
                },
                "typography_font_weight": "600",
                "typography_text_transform": "capitalize",
                "typography_font_style": "normal",
                "typography_text_decoration": "none",
                "typography_font_size_mobile": {
                    "unit": "px",
                    "size": 31,
                    "sizes": []
                }
            },
            {
                "_id": "9b43ceb",
                "title": "Header 2",
                "typography_typography": "custom",
                "typography_font_family": "Poppins",
                "typography_font_size": {
                    "unit": "px",
                    "size": 32,
                    "sizes": []
                },
                "typography_font_weight": "600",
                "typography_text_transform": "capitalize",
                "typography_font_style": "normal",
                "typography_text_decoration": "none",
                "typography_font_size_mobile": {
                    "unit": "px",
                    "size": 20,
                    "sizes": []
                }
            },
            {
                "_id": "a9b4d04",
                "title": "Header 3",
                "typography_typography": "custom",
                "typography_font_family": "Poppins",
                "typography_font_size": {
                    "unit": "px",
                    "size": 28,
                    "sizes": []
                },
                "typography_font_weight": "600",
                "typography_text_transform": "none",
                "typography_font_style": "normal",
                "typography_text_decoration": "none"
            },
            {
                "_id": "08e68d2",
                "title": "Header 4",
                "typography_typography": "custom",
                "typography_font_family": "Poppins",
                "typography_font_size": {
                    "unit": "px",
                    "size": 22,
                    "sizes": []
                },
                "typography_font_weight": "600",
                "typography_text_transform": "none",
                "typography_font_style": "normal",
                "typography_text_decoration": "none"
            },
            {
                "_id": "8024dca",
                "title": "Header 5",
                "typography_typography": "custom",
                "typography_font_family": "Poppins",
                "typography_font_size": {
                    "unit": "px",
                    "size": 18,
                    "sizes": []
                },
                "typography_font_weight": "600",
                "typography_text_transform": "none",
                "typography_font_style": "normal",
                "typography_text_decoration": "none"
            },
            {
                "_id": "7e978b1",
                "title": "Header 6",
                "typography_typography": "custom",
                "typography_font_family": "Poppins",
                "typography_font_size": {
                    "unit": "px",
                    "size": 15,
                    "sizes": []
                },
                "typography_font_weight": "600",
                "typography_text_transform": "none",
                "typography_font_style": "normal",
                "typography_text_decoration": "none",
                "typography_font_size_mobile": {
                    "unit": "px",
                    "size": 12,
                    "sizes": []
                }
            },
            {
                "_id": "2243e95",
                "title": "Style #1",
                "typography_typography": "custom",
                "typography_font_family": "Poppins",
                "typography_font_size": {
                    "unit": "px",
                    "size": 12,
                    "sizes": []
                },
                "typography_font_weight": "600",
                "typography_text_transform": "capitalize",
                "typography_font_style": "normal",
                "typography_text_decoration": "none",
                "typography_font_size_mobile": {
                    "unit": "px",
                    "size": 9,
                    "sizes": []
                }
            },
            {
                "_id": "73a414b",
                "title": "Style #2",
                "typography_typography": "custom",
                "typography_font_family": "Poppins",
                "typography_font_size": {
                    "unit": "px",
                    "size": 15,
                    "sizes": []
                },
                "typography_font_weight": "600",
                "typography_text_transform": "capitalize",
                "typography_font_style": "normal",
                "typography_text_decoration": "underline"
            },
            {
                "_id": "3dcb384",
                "title": "Style #3",
                "typography_typography": "custom",
                "typography_font_family": "Poppins",
                "typography_font_size": {
                    "unit": "px",
                    "size": 12,
                    "sizes": []
                },
                "typography_font_weight": "600",
                "typography_text_transform": "none",
                "typography_font_style": "normal",
                "typography_text_decoration": "none"
            },
            {
                "_id": "92d1476",
                "title": "Style #4",
                "typography_typography": "custom",
                "typography_font_family": "Poppins",
                "typography_font_size": {
                    "unit": "px",
                    "size": 42,
                    "sizes": []
                },
                "typography_font_weight": "600",
                "typography_text_transform": "none",
                "typography_font_style": "normal",
                "typography_text_decoration": "none",
                "typography_line_height": {
                    "unit": "em",
                    "size": 1.1,
                    "sizes": []
                },
                "typography_font_size_mobile": {
                    "unit": "px",
                    "size": 32,
                    "sizes": []
                }
            }
        ],
        "default_generic_fonts": "Sans-serif",
        "page_title_selector": "h1.entry-title",
        "hello_footer_copyright_text": "All rights reserved",
        "activeItemIndex": 1,
        "viewport_md": 768,
        "viewport_lg": 1025,
        "body_typography_typography": "custom",
        "body_typography_font_family": "Poppins",
        "body_typography_font_size": {
            "unit": "px",
            "size": 12,
            "sizes": []
        },
        "body_typography_font_weight": "500",
        "body_typography_text_transform": "capitalize",
        "body_typography_font_style": "normal",
        "body_typography_text_decoration": "none",
        "body_typography_line_height": {
            "unit": "em",
            "size": 1.8,
            "sizes": []
        },
        "body_background_background": "classic",
        "body_background_image": {
            "url": "https:\/\/rockboystudio.com\/template-demo\/autumn\/wp-content\/uploads\/sites\/11\/2022\/01\/26.png",
            "id": 379,
            "alt": "",
            "source": "library"
        },
        "body_background_position": "center center",
        "body_background_repeat": "no-repeat",
        "body_background_size": "cover",
        "__globals__": {
            "body_color": "globals\/colors?id=7e344d1",
            "link_normal_typography_typography": "globals\/typography?id=2243e95",
            "h1_typography_typography": "globals\/typography?id=9b43ceb",
            "h2_typography_typography": "globals\/typography?id=a9b4d04",
            "h3_typography_typography": "globals\/typography?id=a9b4d04",
            "h4_typography_typography": "globals\/typography?id=08e68d2",
            "h5_typography_typography": "globals\/typography?id=8024dca",
            "h6_typography_typography": "globals\/typography?id=7e978b1",
            "link_normal_color": "globals\/colors?id=806cfe3",
            "h1_color": "globals\/colors?id=469cef0",
            "h2_color": "globals\/colors?id=469cef0",
            "h3_color": "globals\/colors?id=469cef0",
            "h4_color": "globals\/colors?id=469cef0",
            "h5_color": "globals\/colors?id=469cef0",
            "h6_color": "globals\/colors?id=469cef0",
            "mobile_browser_background": "globals\/colors?id=e21fdbe",
            "body_background_color": "globals\/colors?id=e21fdbe",
            "button_background_color": "globals\/colors?id=b9835d0",
            "button_text_color": "globals\/colors?id=469cef0",
            "button_border_color": "globals\/colors?id=b9835d0",
            "button_typography_typography": "globals\/typography?id=2243e95",
            "link_hover_color": "globals\/colors?id=469cef0"
        },
        "body_background_xpos": {
            "unit": "px",
            "size": -462,
            "sizes": []
        },
        "body_background_bg_width": {
            "unit": "vw",
            "size": 100,
            "sizes": []
        },
        "button_border_border": "solid",
        "button_border_width": {
            "unit": "px",
            "top": "0",
            "right": "0",
            "bottom": "0",
            "left": "0",
            "isLinked": true
        },
        "button_border_radius": {
            "unit": "px",
            "top": "0",
            "right": "0",
            "bottom": "0",
            "left": "0",
            "isLinked": false
        },
        "button_padding": {
            "unit": "px",
            "top": "0",
            "right": "0",
            "bottom": "0",
            "left": "0",
            "isLinked": false
        }
    }
}