{
    "version": "0.4",
    "title": "Header",
    "type": "header",
    "metadata": {
        "template_type": "section-header",
        "include_in_zip": "1",
        "elementor_pro_required": "1",
        "elementor_library_type": "header",
        "elementor_pro_conditions": [
            "include\/general"
        ],
        "additional_template_information": [
            "This is a \"Header\" template for Elementor Pro.",
            "This template will display on: Entire Site."
        ],
        "wp_page_template": "default"
    },
    "content": [
        {
            "id": "16313b1b",
            "settings": {
                "layout": "full_width",
                "gap": "no",
                "content_position": "middle",
                "structure": "20",
                "pa_condition_repeater": [
                    {
                        "_id": "ccb5da5"
                    }
                ],
                "border_border": "solid",
                "border_width": {
                    "unit": "px",
                    "top": "0",
                    "right": "0",
                    "bottom": "1",
                    "left": "0",
                    "isLinked": false
                },
                "margin": {
                    "unit": "px",
                    "top": "0",
                    "right": 0,
                    "bottom": "0",
                    "left": 0,
                    "isLinked": false
                },
                "padding": {
                    "unit": "px",
                    "top": "15",
                    "right": "50",
                    "bottom": "10",
                    "left": "50",
                    "isLinked": false
                },
                "__globals__": {
                    "border_color": "globals\/colors?id=01b1395"
                },
                "margin_mobile": {
                    "unit": "px",
                    "top": "0",
                    "right": 0,
                    "bottom": "0",
                    "left": 0,
                    "isLinked": false
                },
                "padding_mobile": {
                    "unit": "px",
                    "top": "15",
                    "right": "10",
                    "bottom": "15",
                    "left": "10",
                    "isLinked": false
                },
                "_title": "Section 1",
                "padding_tablet": {
                    "unit": "px",
                    "top": "20",
                    "right": "20",
                    "bottom": "20",
                    "left": "20",
                    "isLinked": true
                }
            },
            "elements": [
                {
                    "id": "23177b7",
                    "settings": {
                        "_column_size": 50,
                        "_inline_size": null,
                        "margin": {
                            "unit": "px",
                            "top": "0",
                            "right": "0",
                            "bottom": "0",
                            "left": "0",
                            "isLinked": false
                        },
                        "padding": {
                            "unit": "px",
                            "top": "0",
                            "right": "0",
                            "bottom": "0",
                            "left": "0",
                            "isLinked": false
                        },
                        "pa_condition_repeater": [
                            {
                                "_id": "6b4a2a5"
                            }
                        ],
                        "_inline_size_mobile": 50,
                        "_title": "User Welcome"
                    },
                    "elements": [
                        {
                            "id": "6daf3a85",
                            "settings": {
                                "premium_dual_header_first_header_text": "Welcome",
                                "premium_dual_header_second_header_text": "",
                                "premium_dual_header_first_header_tag": "h6",
                                "premium_dual_header_text_align": "left",
                                "background_text": "Awesome Title",
                                "ha_advanced_tooltip_content": "I am a tooltip",
                                "pa_condition_repeater": [
                                    {
                                        "_id": "0315dc7"
                                    }
                                ],
                                "__dynamic__": {
                                    "premium_dual_header_second_header_text": "[elementor-tag id=\"1732912\" name=\"author-name\" settings=\"%7B%7D\"]"
                                },
                                "__globals__": {
                                    "premium_dual_header_second_color": "globals\/colors?id=806cfe3",
                                    "premium_dual_header_first_color": "globals\/colors?id=469cef0",
                                    "first_header_typography_typography": "globals\/typography?id=2243e95",
                                    "second_header_typography_typography": "globals\/typography?id=2243e95"
                                },
                                "premium_dual_header_position_mobile": "inline",
                                "_title": "User Welcome"
                            },
                            "elements": [],
                            "isInner": false,
                            "widgetType": "premium-addon-dual-header",
                            "elType": "widget"
                        }
                    ],
                    "isInner": false,
                    "elType": "column"
                },
                {
                    "id": "1afd1f61",
                    "settings": {
                        "_column_size": 50,
                        "_inline_size": null,
                        "margin": {
                            "unit": "px",
                            "top": "0",
                            "right": "0",
                            "bottom": "0",
                            "left": "0",
                            "isLinked": false
                        },
                        "padding": {
                            "unit": "px",
                            "top": "0",
                            "right": "0",
                            "bottom": "0",
                            "left": "0",
                            "isLinked": false
                        },
                        "pa_condition_repeater": [
                            {
                                "_id": "6b4a2a5"
                            }
                        ],
                        "_inline_size_mobile": 50,
                        "_title": "Customer Link"
                    },
                    "elements": [
                        {
                            "id": "575ecb84",
                            "settings": {
                                "view": "inline",
                                "icon_list": [
                                    {
                                        "text": "Track My Order",
                                        "selected_icon": {
                                            "value": "",
                                            "library": ""
                                        },
                                        "_id": "5eb5f9b"
                                    },
                                    {
                                        "text": "My Account",
                                        "selected_icon": {
                                            "value": "",
                                            "library": ""
                                        },
                                        "_id": "8d3f866"
                                    }
                                ],
                                "space_between": {
                                    "unit": "px",
                                    "size": 28,
                                    "sizes": []
                                },
                                "icon_align": "right",
                                "ha_advanced_tooltip_content": "I am a tooltip",
                                "pa_condition_repeater": [
                                    {
                                        "_id": "54aced1"
                                    }
                                ],
                                "__globals__": {
                                    "text_color": "globals\/colors?id=469cef0",
                                    "icon_typography_typography": "globals\/typography?id=2243e95",
                                    "text_color_hover": "globals\/colors?id=806cfe3"
                                },
                                "_title": "Track and Account",
                                "space_between_mobile": {
                                    "unit": "px",
                                    "size": 15,
                                    "sizes": []
                                }
                            },
                            "elements": [],
                            "isInner": false,
                            "widgetType": "icon-list",
                            "elType": "widget"
                        }
                    ],
                    "isInner": false,
                    "elType": "column"
                }
            ],
            "isInner": false,
            "elType": "section"
        },
        {
            "id": "599a5967",
            "settings": {
                "layout": "full_width",
                "gap": "no",
                "content_position": "middle",
                "structure": "30",
                "margin": {
                    "unit": "px",
                    "top": "25",
                    "right": 0,
                    "bottom": "0",
                    "left": 0,
                    "isLinked": false
                },
                "padding": {
                    "unit": "px",
                    "top": "5",
                    "right": "50",
                    "bottom": "5",
                    "left": "50",
                    "isLinked": false
                },
                "pa_condition_repeater": [
                    {
                        "_id": "289999a"
                    }
                ],
                "margin_mobile": {
                    "unit": "px",
                    "top": "0",
                    "right": 0,
                    "bottom": "0",
                    "left": 0,
                    "isLinked": false
                },
                "padding_mobile": {
                    "unit": "px",
                    "top": "20",
                    "right": "10",
                    "bottom": "20",
                    "left": "10",
                    "isLinked": false
                },
                "_title": "Section 2",
                "margin_tablet": {
                    "unit": "px",
                    "top": "20",
                    "right": 0,
                    "bottom": "20",
                    "left": 0,
                    "isLinked": false
                },
                "padding_tablet": {
                    "unit": "px",
                    "top": "0",
                    "right": "20",
                    "bottom": "0",
                    "left": "20",
                    "isLinked": false
                }
            },
            "elements": [
                {
                    "id": "404f2adb",
                    "settings": {
                        "_column_size": 33,
                        "_inline_size": 11,
                        "margin": {
                            "unit": "px",
                            "top": "0",
                            "right": "0",
                            "bottom": "2",
                            "left": "0",
                            "isLinked": false
                        },
                        "padding": {
                            "unit": "px",
                            "top": "0",
                            "right": "0",
                            "bottom": "0",
                            "left": "0",
                            "isLinked": false
                        },
                        "pa_condition_repeater": [
                            {
                                "_id": "e6d31ae"
                            }
                        ],
                        "_inline_size_mobile": 33,
                        "_title": "Left Bar",
                        "_inline_size_tablet": 33
                    },
                    "elements": [
                        {
                            "id": "76f168c1",
                            "settings": {
                                "content_position": "middle",
                                "structure": "20",
                                "pa_condition_repeater": [
                                    {
                                        "_id": "477f756"
                                    }
                                ],
                                "_title": "Content"
                            },
                            "elements": [
                                {
                                    "id": "41db3142",
                                    "settings": {
                                        "_column_size": 50,
                                        "_inline_size": 24.758,
                                        "margin": {
                                            "unit": "px",
                                            "top": "0",
                                            "right": "0",
                                            "bottom": "4",
                                            "left": "0",
                                            "isLinked": false
                                        },
                                        "padding": {
                                            "unit": "px",
                                            "top": "0",
                                            "right": "0",
                                            "bottom": "0",
                                            "left": "0",
                                            "isLinked": false
                                        },
                                        "pa_condition_repeater": [
                                            {
                                                "_id": "2fce80d"
                                            }
                                        ],
                                        "_inline_size_mobile": 30,
                                        "_title": "Bar"
                                    },
                                    "elements": [
                                        {
                                            "id": "1739deb1",
                                            "settings": {
                                                "image": {
                                                    "url": "https:\/\/rockboystudio.com\/template-demo\/autumn\/wp-content\/uploads\/sites\/11\/2022\/01\/5.png",
                                                    "id": 66,
                                                    "alt": "",
                                                    "source": "library"
                                                },
                                                "align": "left",
                                                "width": {
                                                    "unit": "px",
                                                    "size": 22,
                                                    "sizes": []
                                                },
                                                "width_tablet": {
                                                    "unit": "px",
                                                    "size": "",
                                                    "sizes": []
                                                },
                                                "width_mobile": {
                                                    "unit": "px",
                                                    "size": 17,
                                                    "sizes": []
                                                },
                                                "_margin": {
                                                    "unit": "px",
                                                    "top": "0",
                                                    "right": "0",
                                                    "bottom": "0",
                                                    "left": "0",
                                                    "isLinked": false
                                                },
                                                "_padding": {
                                                    "unit": "px",
                                                    "top": "0",
                                                    "right": "0",
                                                    "bottom": "0",
                                                    "left": "0",
                                                    "isLinked": false
                                                },
                                                "ha_advanced_tooltip_content": "I am a tooltip",
                                                "pa_condition_repeater": [
                                                    {
                                                        "_id": "f48e1d8"
                                                    }
                                                ],
                                                "link_to": "custom",
                                                "__dynamic__": {
                                                    "link": "[elementor-tag id=\"0f3ccf0\" name=\"popup\" settings=\"%7B%22popup%22%3A%22989%22%7D\"]"
                                                }
                                            },
                                            "elements": [],
                                            "isInner": false,
                                            "widgetType": "image",
                                            "elType": "widget"
                                        }
                                    ],
                                    "isInner": true,
                                    "elType": "column"
                                },
                                {
                                    "id": "5244b120",
                                    "settings": {
                                        "_column_size": 50,
                                        "_inline_size": 75.24,
                                        "margin": {
                                            "unit": "px",
                                            "top": "0",
                                            "right": "0",
                                            "bottom": "0",
                                            "left": "0",
                                            "isLinked": false
                                        },
                                        "padding": {
                                            "unit": "px",
                                            "top": "3",
                                            "right": "0",
                                            "bottom": "0",
                                            "left": "0",
                                            "isLinked": false
                                        },
                                        "pa_condition_repeater": [
                                            {
                                                "_id": "2c5f2af"
                                            }
                                        ],
                                        "_inline_size_mobile": 50,
                                        "_title": "Wishlist"
                                    },
                                    "elements": [
                                        {
                                            "id": "593a9e22",
                                            "settings": {
                                                "selected_icon": {
                                                    "value": "far fa-heart",
                                                    "library": "fa-regular"
                                                },
                                                "align": "left",
                                                "size": {
                                                    "unit": "px",
                                                    "size": 20,
                                                    "sizes": []
                                                },
                                                "ha_advanced_tooltip_content": "I am a tooltip",
                                                "pa_condition_repeater": [
                                                    {
                                                        "_id": "c8d1f93"
                                                    }
                                                ],
                                                "__globals__": {
                                                    "primary_color": "globals\/colors?id=469cef0",
                                                    "hover_primary_color": "globals\/colors?id=806cfe3"
                                                },
                                                "size_mobile": {
                                                    "unit": "px",
                                                    "size": 18,
                                                    "sizes": []
                                                }
                                            },
                                            "elements": [],
                                            "isInner": false,
                                            "widgetType": "icon",
                                            "elType": "widget"
                                        }
                                    ],
                                    "isInner": true,
                                    "elType": "column"
                                }
                            ],
                            "isInner": true,
                            "elType": "section"
                        }
                    ],
                    "isInner": false,
                    "elType": "column"
                },
                {
                    "id": "349b69f5",
                    "settings": {
                        "_column_size": 33,
                        "_inline_size": 77.306,
                        "margin": {
                            "unit": "px",
                            "top": "0",
                            "right": "0",
                            "bottom": "0",
                            "left": "0",
                            "isLinked": false
                        },
                        "padding": {
                            "unit": "px",
                            "top": "0",
                            "right": "0",
                            "bottom": "0",
                            "left": "0",
                            "isLinked": false
                        },
                        "pa_condition_repeater": [
                            {
                                "_id": "e6d31ae"
                            }
                        ],
                        "_inline_size_mobile": 33,
                        "_title": "Middle Bar",
                        "_inline_size_tablet": 33
                    },
                    "elements": [
                        {
                            "id": "70a44969",
                            "settings": {
                                "__dynamic__": {
                                    "image": "[elementor-tag id=\"\" name=\"site-logo\" settings=\"%7B%7D\"]",
                                    "link": "[elementor-tag id=\"\" name=\"site-url\" settings=\"%7B%7D\"]"
                                },
                                "align": "center",
                                "width": {
                                    "unit": "%",
                                    "size": 13,
                                    "sizes": []
                                },
                                "ha_advanced_tooltip_content": "I am a tooltip",
                                "pa_condition_repeater": [
                                    {
                                        "_id": "6aa0c9b"
                                    }
                                ],
                                "width_mobile": {
                                    "unit": "%",
                                    "size": 84,
                                    "sizes": []
                                },
                                "width_tablet": {
                                    "unit": "%",
                                    "size": 45,
                                    "sizes": []
                                }
                            },
                            "elements": [],
                            "isInner": false,
                            "widgetType": "theme-site-logo",
                            "elType": "widget"
                        }
                    ],
                    "isInner": false,
                    "elType": "column"
                },
                {
                    "id": "747d455b",
                    "settings": {
                        "_column_size": 33,
                        "_inline_size": 11,
                        "pa_condition_repeater": [
                            {
                                "_id": "e6d31ae"
                            }
                        ],
                        "_inline_size_mobile": 33,
                        "_title": "Right Bar",
                        "_inline_size_tablet": 33
                    },
                    "elements": [
                        {
                            "id": "3dcdf494",
                            "settings": {
                                "content_position": "middle",
                                "structure": "20",
                                "pa_condition_repeater": [
                                    {
                                        "_id": "477f756"
                                    }
                                ],
                                "_title": "Content"
                            },
                            "elements": [
                                {
                                    "id": "65edd11c",
                                    "settings": {
                                        "_column_size": 50,
                                        "_inline_size": 89.914,
                                        "margin": {
                                            "unit": "px",
                                            "top": "0",
                                            "right": "20",
                                            "bottom": "0",
                                            "left": "0",
                                            "isLinked": false
                                        },
                                        "padding": {
                                            "unit": "px",
                                            "top": "0",
                                            "right": "0",
                                            "bottom": "0",
                                            "left": "0",
                                            "isLinked": false
                                        },
                                        "pa_condition_repeater": [
                                            {
                                                "_id": "2fce80d"
                                            }
                                        ],
                                        "_inline_size_mobile": 70,
                                        "margin_mobile": {
                                            "unit": "px",
                                            "top": "0",
                                            "right": "0",
                                            "bottom": "0",
                                            "left": "0",
                                            "isLinked": false
                                        },
                                        "padding_mobile": {
                                            "unit": "px",
                                            "top": "0",
                                            "right": "0",
                                            "bottom": "0",
                                            "left": "0",
                                            "isLinked": false
                                        },
                                        "_title": "User",
                                        "_inline_size_tablet": 75,
                                        "margin_tablet": {
                                            "unit": "px",
                                            "top": "0",
                                            "right": "0",
                                            "bottom": "0",
                                            "left": "0",
                                            "isLinked": false
                                        },
                                        "padding_tablet": {
                                            "unit": "px",
                                            "top": "0",
                                            "right": "0",
                                            "bottom": "0",
                                            "left": "0",
                                            "isLinked": false
                                        }
                                    },
                                    "elements": [
                                        {
                                            "id": "48c7eeea",
                                            "settings": {
                                                "image": {
                                                    "url": "https:\/\/rockboystudio.com\/template-demo\/autumn\/wp-content\/uploads\/sites\/11\/2022\/01\/user.png",
                                                    "id": 76,
                                                    "alt": "",
                                                    "source": "library"
                                                },
                                                "align": "right",
                                                "width": {
                                                    "unit": "px",
                                                    "size": 21,
                                                    "sizes": []
                                                },
                                                "width_tablet": {
                                                    "unit": "px",
                                                    "size": "",
                                                    "sizes": []
                                                },
                                                "width_mobile": {
                                                    "unit": "px",
                                                    "size": 19,
                                                    "sizes": []
                                                },
                                                "ha_advanced_tooltip_content": "I am a tooltip",
                                                "pa_condition_repeater": [
                                                    {
                                                        "_id": "f48e1d8"
                                                    }
                                                ]
                                            },
                                            "elements": [],
                                            "isInner": false,
                                            "widgetType": "image",
                                            "elType": "widget"
                                        }
                                    ],
                                    "isInner": true,
                                    "elType": "column"
                                },
                                {
                                    "id": "7b09266e",
                                    "settings": {
                                        "_column_size": 50,
                                        "_inline_size": 10.084,
                                        "margin": {
                                            "unit": "px",
                                            "top": "0",
                                            "right": "0",
                                            "bottom": "0",
                                            "left": "0",
                                            "isLinked": false
                                        },
                                        "padding": {
                                            "unit": "px",
                                            "top": "3",
                                            "right": "0",
                                            "bottom": "0",
                                            "left": "0",
                                            "isLinked": false
                                        },
                                        "pa_condition_repeater": [
                                            {
                                                "_id": "2c5f2af"
                                            }
                                        ],
                                        "_inline_size_mobile": 30,
                                        "_title": "Bag",
                                        "_inline_size_tablet": 25
                                    },
                                    "elements": [
                                        {
                                            "id": "62b33ffe",
                                            "settings": {
                                                "icon": "bag-medium",
                                                "show_subtotal": "",
                                                "alignment": "right",
                                                "toggle_button_border_width": {
                                                    "unit": "px",
                                                    "size": 0,
                                                    "sizes": []
                                                },
                                                "toggle_icon_size": {
                                                    "unit": "px",
                                                    "size": 23,
                                                    "sizes": []
                                                },
                                                "toggle_button_padding": {
                                                    "unit": "px",
                                                    "top": "0",
                                                    "right": "0",
                                                    "bottom": "0",
                                                    "left": "0",
                                                    "isLinked": true
                                                },
                                                "ha_advanced_tooltip_content": "I am a tooltip",
                                                "pa_condition_repeater": [
                                                    {
                                                        "_id": "854edf4"
                                                    }
                                                ],
                                                "__globals__": {
                                                    "toggle_button_icon_color": "globals\/colors?id=469cef0",
                                                    "items_indicator_text_color": "globals\/colors?id=e21fdbe",
                                                    "items_indicator_background_color": "globals\/colors?id=806cfe3",
                                                    "view_cart_button_background_color": "globals\/colors?id=806cfe3",
                                                    "view_cart_button_text_color": "globals\/colors?id=e21fdbe",
                                                    "toggle_button_background_color": "globals\/colors?id=b9835d0",
                                                    "toggle_button_border_color": "globals\/colors?id=b9835d0",
                                                    "toggle_button_hover_background_color": "globals\/colors?id=b9835d0",
                                                    "view_cart_button_hover_background": "globals\/colors?id=469cef0",
                                                    "view_cart_button_hover_text_color": "globals\/colors?id=e21fdbe",
                                                    "checkout_button_background_color": "globals\/colors?id=469cef0",
                                                    "checkout_button_text_color": "globals\/colors?id=e21fdbe",
                                                    "checkout_button_hover_background": "globals\/colors?id=806cfe3",
                                                    "checkout_button_hover_text_color": "globals\/colors?id=e21fdbe",
                                                    "close_cart_icon_color": "globals\/colors?id=469cef0",
                                                    "product_title_typography_typography": "globals\/typography?id=7e978b1",
                                                    "product_title_color": "globals\/colors?id=469cef0",
                                                    "product_price_color": "globals\/colors?id=text",
                                                    "product_price_typography_typography": "globals\/typography?id=7e978b1",
                                                    "divider_color": "globals\/colors?id=01b1395",
                                                    "product_quantity_color": "globals\/colors?id=text",
                                                    "subtotal_color": "globals\/colors?id=806cfe3",
                                                    "close_cart_icon_hover_color": "globals\/colors?id=806cfe3"
                                                },
                                                "toggle_icon_size_mobile": {
                                                    "unit": "px",
                                                    "size": 22,
                                                    "sizes": []
                                                },
                                                "toggle_button_icon_color": "#000000",
                                                "toggle_button_border_color": "#02010100",
                                                "toggle_button_hover_background_color": "#02010100",
                                                "items_indicator_text_color": "#FFFFFF",
                                                "items_indicator_background_color": "#FC4919",
                                                "view_cart_button_text_color": "#FFFFFF",
                                                "view_cart_button_background_color": "#FC4919",
                                                "cart_type": "mini-cart",
                                                "open_cart": "mouseover",
                                                "mini_cart_alignment": "end",
                                                "close_cart_icon_size": {
                                                    "unit": "px",
                                                    "size": 12,
                                                    "sizes": []
                                                }
                                            },
                                            "elements": [],
                                            "isInner": false,
                                            "widgetType": "woocommerce-menu-cart",
                                            "elType": "widget"
                                        }
                                    ],
                                    "isInner": true,
                                    "elType": "column"
                                }
                            ],
                            "isInner": true,
                            "elType": "section"
                        }
                    ],
                    "isInner": false,
                    "elType": "column"
                }
            ],
            "isInner": false,
            "elType": "section"
        }
    ],
    "page_settings": {
        "ha_grid_number": "",
        "ha_grid_zindex": "1000"
    }
}