{
    "version": "0.4",
    "title": "Single Post",
    "type": "single-post",
    "metadata": {
        "template_type": "single-post",
        "include_in_zip": "1",
        "elementor_pro_required": "1",
        "elementor_library_type": "single-post",
        "elementor_pro_conditions": [
            "include\/singular\/post"
        ],
        "additional_template_information": [
            "This is a \"Single Post\" template for Elementor Pro.",
            "This template will display on: Posts."
        ],
        "wp_page_template": "default"
    },
    "content": [
        {
            "id": "352b2259",
            "settings": {
                "height": "min-height",
                "custom_height": {
                    "unit": "vw",
                    "size": 32,
                    "sizes": []
                },
                "custom_height_tablet": {
                    "unit": "vh",
                    "size": "",
                    "sizes": []
                },
                "custom_height_mobile": {
                    "unit": "vh",
                    "size": "",
                    "sizes": []
                },
                "background_background": "classic",
                "background_image": {
                    "url": "https:\/\/rockboystudio.com\/template-demo\/autumn\/wp-content\/uploads\/sites\/11\/2022\/01\/34.jpg",
                    "id": 747,
                    "alt": "",
                    "source": "library"
                },
                "background_position": "initial",
                "background_repeat": "no-repeat",
                "background_size": "initial",
                "background_bg_width": {
                    "unit": "vw",
                    "size": 28,
                    "sizes": []
                },
                "margin": {
                    "unit": "px",
                    "top": "15",
                    "right": 0,
                    "bottom": "0",
                    "left": 0,
                    "isLinked": false
                },
                "padding": {
                    "unit": "px",
                    "top": "0",
                    "right": "0",
                    "bottom": "0",
                    "left": "0",
                    "isLinked": false
                },
                "pa_condition_repeater": [
                    {
                        "_id": "8fd8827"
                    }
                ],
                "__globals__": {
                    "background_color": "globals\/colors?id=5d7a519"
                },
                "background_position_mobile": "initial",
                "background_xpos": {
                    "unit": "vw",
                    "size": 66,
                    "sizes": []
                },
                "background_xpos_mobile": {
                    "unit": "px",
                    "size": 190,
                    "sizes": []
                },
                "background_ypos": {
                    "unit": "vh",
                    "size": -3,
                    "sizes": []
                },
                "background_repeat_mobile": "no-repeat",
                "background_size_mobile": "initial",
                "background_bg_width_mobile": {
                    "unit": "px",
                    "size": 240,
                    "sizes": []
                },
                "margin_mobile": {
                    "unit": "px",
                    "top": "0",
                    "right": 0,
                    "bottom": "0",
                    "left": 0,
                    "isLinked": false
                },
                "padding_mobile": {
                    "unit": "px",
                    "top": "0",
                    "right": "10",
                    "bottom": "0",
                    "left": "10",
                    "isLinked": false
                },
                "_title": "Section 1: Header",
                "background_xpos_tablet": {
                    "unit": "px",
                    "size": 413,
                    "sizes": []
                },
                "background_bg_width_tablet": {
                    "unit": "px",
                    "size": 353,
                    "sizes": []
                },
                "margin_tablet": {
                    "unit": "px",
                    "top": "0",
                    "right": 0,
                    "bottom": "0",
                    "left": 0,
                    "isLinked": false
                },
                "padding_tablet": {
                    "unit": "px",
                    "top": "0",
                    "right": "10",
                    "bottom": "0",
                    "left": "10",
                    "isLinked": false
                },
                "background_ypos_tablet": {
                    "unit": "px",
                    "size": -41,
                    "sizes": []
                }
            },
            "elements": [
                {
                    "id": "230e3e35",
                    "settings": {
                        "_column_size": 100,
                        "_inline_size": null,
                        "margin": {
                            "unit": "px",
                            "top": "0",
                            "right": "0",
                            "bottom": "0",
                            "left": "0",
                            "isLinked": false
                        },
                        "padding": {
                            "unit": "px",
                            "top": "0",
                            "right": "0",
                            "bottom": "0",
                            "left": "0",
                            "isLinked": false
                        },
                        "pa_condition_repeater": [
                            {
                                "_id": "dd681c3"
                            }
                        ],
                        "_title": "Content"
                    },
                    "elements": [
                        {
                            "id": "6130fcbc",
                            "settings": {
                                "title": "News",
                                "header_size": "h6",
                                "ha_advanced_tooltip_content": "I am a tooltip",
                                "pa_condition_repeater": [
                                    {
                                        "_id": "41ddfaa",
                                        "pa_condition_date": "2022\/01\/19",
                                        "pa_condition_date_range": "2022\/01\/19"
                                    }
                                ],
                                "__globals__": {
                                    "title_color": "globals\/colors?id=806cfe3",
                                    "typography_typography": "globals\/typography?id=2243e95"
                                }
                            },
                            "elements": [],
                            "isInner": false,
                            "widgetType": "heading",
                            "elType": "widget"
                        },
                        {
                            "id": "2f754860",
                            "settings": {
                                "premium_dual_header_first_header_text": "Autumn",
                                "premium_dual_header_second_header_text": "",
                                "premium_dual_header_first_header_tag": "h1",
                                "premium_dual_header_text_align": "left",
                                "background_text": "Awesome Title",
                                "ha_advanced_tooltip_content": "I am a tooltip",
                                "pa_condition_repeater": [
                                    {
                                        "_id": "d39d049",
                                        "pa_condition_date": "2022\/01\/19",
                                        "pa_condition_date_range": "2022\/01\/19"
                                    }
                                ],
                                "__globals__": {
                                    "premium_dual_header_first_color": "globals\/colors?id=469cef0",
                                    "premium_dual_header_second_color": "globals\/colors?id=806cfe3",
                                    "first_header_typography_typography": "globals\/typography?id=92d1476",
                                    "second_header_typography_typography": "globals\/typography?id=4eab282"
                                },
                                "premium_dual_header_first_margin": {
                                    "unit": "px",
                                    "top": "0",
                                    "right": "0",
                                    "bottom": "0",
                                    "left": "0",
                                    "isLinked": false
                                },
                                "premium_dual_header_first_padding": {
                                    "unit": "px",
                                    "top": "0",
                                    "right": "0",
                                    "bottom": "0",
                                    "left": "0",
                                    "isLinked": false
                                },
                                "_margin": {
                                    "unit": "%",
                                    "top": "0",
                                    "right": "30",
                                    "bottom": "0",
                                    "left": "0",
                                    "isLinked": false
                                },
                                "_margin_tablet": {
                                    "unit": "%",
                                    "top": "",
                                    "right": "",
                                    "bottom": "",
                                    "left": "",
                                    "isLinked": true
                                },
                                "_margin_mobile": {
                                    "unit": "%",
                                    "top": "",
                                    "right": "",
                                    "bottom": "",
                                    "left": "",
                                    "isLinked": true
                                },
                                "_padding": {
                                    "unit": "px",
                                    "top": "0",
                                    "right": "0",
                                    "bottom": "0",
                                    "left": "0",
                                    "isLinked": false
                                },
                                "__dynamic__": {
                                    "premium_dual_header_first_header_text": "[elementor-tag id=\"6a94fdf\" name=\"post-title\" settings=\"%7B%7D\"]"
                                }
                            },
                            "elements": [],
                            "isInner": false,
                            "widgetType": "premium-addon-dual-header",
                            "elType": "widget"
                        }
                    ],
                    "isInner": false,
                    "elType": "column"
                }
            ],
            "isInner": false,
            "elType": "section"
        },
        {
            "id": "eeb085e",
            "settings": {
                "margin": {
                    "unit": "px",
                    "top": "60",
                    "right": 0,
                    "bottom": "50",
                    "left": 0,
                    "isLinked": false
                },
                "padding": {
                    "unit": "px",
                    "top": "0",
                    "right": "0",
                    "bottom": "0",
                    "left": "0",
                    "isLinked": false
                },
                "pa_condition_repeater": [
                    {
                        "_id": "146ce46",
                        "pa_condition_date": "2022\/01\/19",
                        "pa_condition_date_range": "2022\/01\/19"
                    }
                ],
                "margin_mobile": {
                    "unit": "px",
                    "top": "60",
                    "right": 0,
                    "bottom": "50",
                    "left": 0,
                    "isLinked": false
                },
                "padding_mobile": {
                    "unit": "px",
                    "top": "0",
                    "right": "10",
                    "bottom": "0",
                    "left": "10",
                    "isLinked": false
                },
                "margin_tablet": {
                    "unit": "px",
                    "top": "60",
                    "right": 0,
                    "bottom": "50",
                    "left": 0,
                    "isLinked": false
                },
                "padding_tablet": {
                    "unit": "px",
                    "top": "0",
                    "right": "10",
                    "bottom": "0",
                    "left": "10",
                    "isLinked": false
                },
                "_title": "Section 2: Single News",
                "content_width": {
                    "unit": "px",
                    "size": 650,
                    "sizes": []
                },
                "content_width_tablet": {
                    "unit": "px",
                    "size": 764,
                    "sizes": []
                }
            },
            "elements": [
                {
                    "id": "74e7e818",
                    "settings": {
                        "_column_size": 100,
                        "_inline_size": null,
                        "margin": {
                            "unit": "px",
                            "top": "0",
                            "right": "0",
                            "bottom": "0",
                            "left": "0",
                            "isLinked": false
                        },
                        "padding": {
                            "unit": "px",
                            "top": "0",
                            "right": "0",
                            "bottom": "0",
                            "left": "0",
                            "isLinked": false
                        },
                        "pa_condition_repeater": [
                            {
                                "_id": "3d6a632",
                                "pa_condition_date": "2022\/01\/19",
                                "pa_condition_date_range": "2022\/01\/19"
                            }
                        ]
                    },
                    "elements": [
                        {
                            "id": "109c9f21",
                            "settings": {
                                "__dynamic__": {
                                    "image": "[elementor-tag id=\"\" name=\"post-featured-image\" settings=\"%7B%22fallback%22%3A%7B%22url%22%3A%22%22%2C%22id%22%3A%22%22%7D%7D\"]"
                                },
                                "ha_advanced_tooltip_content": "I am a tooltip",
                                "pa_condition_repeater": [
                                    {
                                        "_id": "ceb4246"
                                    }
                                ]
                            },
                            "elements": [],
                            "isInner": false,
                            "widgetType": "theme-post-featured-image",
                            "elType": "widget"
                        },
                        {
                            "id": "d049843",
                            "settings": {
                                "_margin": {
                                    "unit": "px",
                                    "top": "10",
                                    "right": "0",
                                    "bottom": "0",
                                    "left": "0",
                                    "isLinked": false
                                },
                                "_padding": {
                                    "unit": "px",
                                    "top": "0",
                                    "right": "0",
                                    "bottom": "0",
                                    "left": "0",
                                    "isLinked": false
                                },
                                "ha_advanced_tooltip_content": "I am a tooltip",
                                "pa_condition_repeater": [
                                    {
                                        "_id": "15d002e"
                                    }
                                ]
                            },
                            "elements": [],
                            "isInner": false,
                            "widgetType": "theme-post-content",
                            "elType": "widget"
                        },
                        {
                            "id": "16a109c1",
                            "settings": {
                                "source": "custom",
                                "author_avatar": {
                                    "url": "https:\/\/rockboystudio.com\/template-demo\/autumn\/wp-content\/uploads\/sites\/11\/2022\/01\/27.jpg",
                                    "id": 611,
                                    "alt": "",
                                    "source": "library"
                                },
                                "author_name": "Anne Hatteway",
                                "author_bio": "Manager",
                                "link_text": "All Posts",
                                "_padding": {
                                    "unit": "px",
                                    "top": "40",
                                    "right": "40",
                                    "bottom": "40",
                                    "left": "40",
                                    "isLinked": true
                                },
                                "ha_advanced_tooltip_content": "I am a tooltip",
                                "pa_condition_repeater": [
                                    {
                                        "_id": "a29411d"
                                    }
                                ],
                                "_background_background": "classic",
                                "__globals__": {
                                    "_background_color": "globals\/colors?id=806cfe3",
                                    "name_color": "globals\/colors?id=e21fdbe",
                                    "name_typography_typography": "globals\/typography?id=08e68d2",
                                    "bio_color": "globals\/colors?id=e21fdbe",
                                    "bio_typography_typography": "globals\/typography?id=2243e95"
                                },
                                "image_size_mobile": {
                                    "unit": "px",
                                    "size": 63,
                                    "sizes": []
                                },
                                "image_gap_mobile": {
                                    "unit": "px",
                                    "size": 12,
                                    "sizes": []
                                },
                                "_padding_mobile": {
                                    "unit": "px",
                                    "top": "20",
                                    "right": "20",
                                    "bottom": "20",
                                    "left": "20",
                                    "isLinked": true
                                }
                            },
                            "elements": [],
                            "isInner": false,
                            "widgetType": "author-box",
                            "elType": "widget"
                        },
                        {
                            "id": "7c932410",
                            "settings": {
                                "prev_label": "Previous",
                                "next_label": "Next",
                                "show_title": "",
                                "show_borders": "",
                                "arrow_size": {
                                    "unit": "px",
                                    "size": 12,
                                    "sizes": []
                                },
                                "arrow_padding": {
                                    "unit": "px",
                                    "size": 21,
                                    "sizes": []
                                },
                                "borders_width": {
                                    "unit": "px",
                                    "size": 1,
                                    "sizes": []
                                },
                                "borders_spacing": {
                                    "unit": "px",
                                    "size": 25,
                                    "sizes": []
                                },
                                "_margin": {
                                    "unit": "px",
                                    "top": "0",
                                    "right": "0",
                                    "bottom": "0",
                                    "left": "0",
                                    "isLinked": false
                                },
                                "_padding": {
                                    "unit": "px",
                                    "top": "30",
                                    "right": "0",
                                    "bottom": "30",
                                    "left": "0",
                                    "isLinked": false
                                },
                                "ha_advanced_tooltip_content": "I am a tooltip",
                                "pa_condition_repeater": [
                                    {
                                        "_id": "4a269e3"
                                    }
                                ],
                                "_border_border": "solid",
                                "_border_width": {
                                    "unit": "px",
                                    "top": "1",
                                    "right": "0",
                                    "bottom": "1",
                                    "left": "0",
                                    "isLinked": false
                                },
                                "__globals__": {
                                    "label_color": "globals\/colors?id=469cef0",
                                    "label_typography_typography": "globals\/typography?id=7e978b1",
                                    "title_typography_typography": "globals\/typography?id=7e978b1",
                                    "arrow_color": "globals\/colors?id=806cfe3",
                                    "_border_color": "globals\/colors?id=01b1395",
                                    "sep_color": "globals\/colors?id=01b1395"
                                }
                            },
                            "elements": [],
                            "isInner": false,
                            "widgetType": "post-navigation",
                            "elType": "widget"
                        },
                        {
                            "id": "2cbd72fe",
                            "settings": {
                                "_skin": "theme_comments",
                                "ha_advanced_tooltip_content": "I am a tooltip",
                                "pa_condition_repeater": [
                                    {
                                        "_id": "183b696"
                                    }
                                ],
                                "_margin": {
                                    "unit": "px",
                                    "top": "20",
                                    "right": "0",
                                    "bottom": "0",
                                    "left": "0",
                                    "isLinked": false
                                },
                                "_padding": {
                                    "unit": "px",
                                    "top": "0",
                                    "right": "0",
                                    "bottom": "0",
                                    "left": "0",
                                    "isLinked": false
                                }
                            },
                            "elements": [],
                            "isInner": false,
                            "widgetType": "post-comments",
                            "elType": "widget"
                        }
                    ],
                    "isInner": false,
                    "elType": "column"
                }
            ],
            "isInner": false,
            "elType": "section"
        }
    ],
    "page_settings": {
        "ha_grid_number": "",
        "ha_grid_zindex": "1000",
        "eael_ext_toc_title": "Table of Contents"
    }
}