{
    "version": "0.4",
    "title": "Single Product",
    "type": "product",
    "metadata": {
        "template_type": "single-product",
        "include_in_zip": "1",
        "elementor_pro_required": "1",
        "elementor_library_type": "product",
        "elementor_pro_conditions": [
            "include\/product"
        ],
        "additional_template_information": [
            "This is a \"Product\" template for Elementor Pro.",
            "This template will display on: Products."
        ],
        "wp_page_template": "default"
    },
    "content": [
        {
            "id": "692b3a47",
            "settings": {
                "height": "min-height",
                "custom_height": {
                    "unit": "vh",
                    "size": 49,
                    "sizes": []
                },
                "custom_height_tablet": {
                    "unit": "vh",
                    "size": "",
                    "sizes": []
                },
                "custom_height_mobile": {
                    "unit": "vh",
                    "size": "",
                    "sizes": []
                },
                "background_background": "classic",
                "background_image": {
                    "url": "https:\/\/rockboystudio.com\/template-demo\/autumn\/wp-content\/uploads\/sites\/11\/2022\/01\/7.jpg",
                    "id": 82,
                    "alt": "",
                    "source": "library"
                },
                "background_position": "initial",
                "background_repeat": "no-repeat",
                "background_size": "initial",
                "background_bg_width": {
                    "unit": "%",
                    "size": 53,
                    "sizes": []
                },
                "margin": {
                    "unit": "px",
                    "top": "15",
                    "right": 0,
                    "bottom": "0",
                    "left": 0,
                    "isLinked": false
                },
                "padding": {
                    "unit": "px",
                    "top": "0",
                    "right": "0",
                    "bottom": "0",
                    "left": "0",
                    "isLinked": false
                },
                "pa_condition_repeater": [
                    {
                        "_id": "8fd8827"
                    }
                ],
                "__globals__": {
                    "background_color": "globals\/colors?id=5d7a519"
                },
                "background_position_mobile": "initial",
                "background_xpos": {
                    "unit": "px",
                    "size": 711,
                    "sizes": []
                },
                "background_xpos_mobile": {
                    "unit": "px",
                    "size": 107,
                    "sizes": []
                },
                "background_ypos": {
                    "unit": "px",
                    "size": -58,
                    "sizes": []
                },
                "background_repeat_mobile": "no-repeat",
                "background_size_mobile": "initial",
                "background_bg_width_mobile": {
                    "unit": "px",
                    "size": 405,
                    "sizes": []
                },
                "margin_mobile": {
                    "unit": "px",
                    "top": "0",
                    "right": 0,
                    "bottom": "0",
                    "left": 0,
                    "isLinked": false
                },
                "padding_mobile": {
                    "unit": "px",
                    "top": "0",
                    "right": "10",
                    "bottom": "0",
                    "left": "10",
                    "isLinked": false
                },
                "_title": "Section 1: Header",
                "background_xpos_tablet": {
                    "unit": "px",
                    "size": 372,
                    "sizes": []
                },
                "background_bg_width_tablet": {
                    "unit": "px",
                    "size": 508,
                    "sizes": []
                },
                "margin_tablet": {
                    "unit": "px",
                    "top": "0",
                    "right": 0,
                    "bottom": "0",
                    "left": 0,
                    "isLinked": false
                },
                "padding_tablet": {
                    "unit": "px",
                    "top": "0",
                    "right": "10",
                    "bottom": "0",
                    "left": "10",
                    "isLinked": false
                }
            },
            "elements": [
                {
                    "id": "51392528",
                    "settings": {
                        "_column_size": 100,
                        "_inline_size": null,
                        "margin": {
                            "unit": "px",
                            "top": "0",
                            "right": "0",
                            "bottom": "0",
                            "left": "0",
                            "isLinked": false
                        },
                        "padding": {
                            "unit": "px",
                            "top": "0",
                            "right": "0",
                            "bottom": "0",
                            "left": "0",
                            "isLinked": false
                        },
                        "pa_condition_repeater": [
                            {
                                "_id": "dd681c3"
                            }
                        ],
                        "_title": "Content"
                    },
                    "elements": [
                        {
                            "id": "26be108b",
                            "settings": {
                                "title": "Shop",
                                "header_size": "h6",
                                "ha_advanced_tooltip_content": "I am a tooltip",
                                "pa_condition_repeater": [
                                    {
                                        "_id": "41ddfaa",
                                        "pa_condition_date": "2022\/01\/19",
                                        "pa_condition_date_range": "2022\/01\/19"
                                    }
                                ],
                                "__globals__": {
                                    "title_color": "globals\/colors?id=text",
                                    "typography_typography": "globals\/typography?id=2243e95"
                                }
                            },
                            "elements": [],
                            "isInner": false,
                            "widgetType": "heading",
                            "elType": "widget"
                        },
                        {
                            "id": "61c741cf",
                            "settings": {
                                "premium_dual_header_first_header_text": "Shop",
                                "premium_dual_header_second_header_text": "",
                                "premium_dual_header_first_header_tag": "h1",
                                "premium_dual_header_text_align": "left",
                                "background_text": "Awesome Title",
                                "ha_advanced_tooltip_content": "I am a tooltip",
                                "pa_condition_repeater": [
                                    {
                                        "_id": "d39d049",
                                        "pa_condition_date": "2022\/01\/19",
                                        "pa_condition_date_range": "2022\/01\/19"
                                    }
                                ],
                                "__globals__": {
                                    "premium_dual_header_first_color": "globals\/colors?id=469cef0",
                                    "premium_dual_header_second_color": "globals\/colors?id=806cfe3",
                                    "first_header_typography_typography": "globals\/typography?id=4eab282",
                                    "second_header_typography_typography": "globals\/typography?id=4eab282"
                                },
                                "premium_dual_header_first_margin": {
                                    "unit": "px",
                                    "top": "0",
                                    "right": "0",
                                    "bottom": "10",
                                    "left": "0",
                                    "isLinked": false
                                },
                                "premium_dual_header_first_padding": {
                                    "unit": "px",
                                    "top": "0",
                                    "right": "0",
                                    "bottom": "0",
                                    "left": "0",
                                    "isLinked": false
                                },
                                "__dynamic__": {
                                    "premium_dual_header_second_header_text": "[elementor-tag id=\"8807618\" name=\"page-title\" settings=\"%7B%7D\"]"
                                }
                            },
                            "elements": [],
                            "isInner": false,
                            "widgetType": "premium-addon-dual-header",
                            "elType": "widget"
                        },
                        {
                            "id": "4072ff99",
                            "settings": {
                                "button_border_radius": {
                                    "unit": "px",
                                    "top": "50",
                                    "right": "50",
                                    "bottom": "50",
                                    "left": "50",
                                    "isLinked": true
                                },
                                "button_padding": {
                                    "unit": "px",
                                    "top": "15",
                                    "right": "40",
                                    "bottom": "14",
                                    "left": "40",
                                    "isLinked": false
                                },
                                "quantity_padding": {
                                    "unit": "px",
                                    "top": "15",
                                    "right": "0",
                                    "bottom": "15",
                                    "left": "10",
                                    "isLinked": false
                                },
                                "_margin": {
                                    "unit": "px",
                                    "top": "10",
                                    "right": "0",
                                    "bottom": "0",
                                    "left": "0",
                                    "isLinked": false
                                },
                                "_padding": {
                                    "unit": "px",
                                    "top": "0",
                                    "right": "0",
                                    "bottom": "0",
                                    "left": "0",
                                    "isLinked": false
                                },
                                "ha_advanced_tooltip_content": "I am a tooltip",
                                "pa_condition_repeater": [
                                    {
                                        "_id": "e2c4dfd"
                                    }
                                ],
                                "__globals__": {
                                    "quantity_bg_color": "globals\/colors?id=e21fdbe",
                                    "button_bg_color": "globals\/colors?id=806cfe3",
                                    "button_border_color": "globals\/colors?id=b9835d0",
                                    "button_text_color": "globals\/colors?id=e21fdbe",
                                    "button_bg_color_hover": "",
                                    "button_text_color_hover": "",
                                    "button_typography_typography": "",
                                    "quantity_border_color": "globals\/colors?id=b9835d0",
                                    "quantity_typography_typography": "",
                                    "quantity_text_color": "globals\/colors?id=469cef0"
                                }
                            },
                            "elements": [],
                            "isInner": false,
                            "widgetType": "woocommerce-product-add-to-cart",
                            "elType": "widget"
                        }
                    ],
                    "isInner": false,
                    "elType": "column"
                }
            ],
            "isInner": false,
            "elType": "section"
        },
        {
            "id": "606be07b",
            "settings": {
                "content_position": "top",
                "structure": "20",
                "margin": {
                    "unit": "px",
                    "top": "60",
                    "right": 0,
                    "bottom": "50",
                    "left": 0,
                    "isLinked": false
                },
                "margin_tablet": {
                    "unit": "px",
                    "top": "50",
                    "right": 0,
                    "bottom": "0",
                    "left": 0,
                    "isLinked": false
                },
                "margin_mobile": {
                    "unit": "px",
                    "top": "60",
                    "right": 0,
                    "bottom": "0",
                    "left": 0,
                    "isLinked": false
                },
                "padding": {
                    "unit": "px",
                    "top": "0",
                    "right": "0",
                    "bottom": "0",
                    "left": "0",
                    "isLinked": false
                },
                "padding_tablet": {
                    "unit": "px",
                    "top": "0",
                    "right": "20",
                    "bottom": "0",
                    "left": "20",
                    "isLinked": false
                },
                "padding_mobile": {
                    "unit": "px",
                    "top": "0",
                    "right": "20",
                    "bottom": "0",
                    "left": "20",
                    "isLinked": false
                },
                "pa_condition_repeater": [
                    {
                        "_id": "2c9ddab"
                    }
                ],
                "_title": "Section 2"
            },
            "elements": [
                {
                    "id": "68293fe5",
                    "settings": {
                        "_column_size": 50,
                        "_inline_size": 35,
                        "_inline_size_tablet": 50,
                        "content_position_tablet": "top",
                        "margin": {
                            "unit": "px",
                            "top": "0",
                            "right": "0",
                            "bottom": "0",
                            "left": "0",
                            "isLinked": false
                        },
                        "padding": {
                            "unit": "px",
                            "top": "0",
                            "right": "0",
                            "bottom": "0",
                            "left": "0",
                            "isLinked": false
                        },
                        "pa_condition_repeater": [
                            {
                                "_id": "fdbfa8d"
                            }
                        ],
                        "_title": "Feature Image Product"
                    },
                    "elements": [
                        {
                            "id": "1c6836e6",
                            "settings": {
                                "image_border_radius": {
                                    "unit": "px",
                                    "top": "3",
                                    "right": "3",
                                    "bottom": "3",
                                    "left": "3",
                                    "isLinked": true
                                },
                                "spacing": {
                                    "unit": "px",
                                    "size": 7,
                                    "sizes": []
                                },
                                "spacing_thumbs": {
                                    "unit": "px",
                                    "size": 6,
                                    "sizes": []
                                },
                                "ha_advanced_tooltip_content": "I am a tooltip",
                                "pa_condition_repeater": [
                                    {
                                        "_id": "3a6e34a"
                                    }
                                ]
                            },
                            "elements": [],
                            "isInner": false,
                            "widgetType": "woocommerce-product-images",
                            "elType": "widget"
                        }
                    ],
                    "isInner": false,
                    "elType": "column"
                },
                {
                    "id": "5412215c",
                    "settings": {
                        "_column_size": 50,
                        "_inline_size": 65,
                        "_inline_size_tablet": 50,
                        "content_position_tablet": "top",
                        "margin": {
                            "unit": "px",
                            "top": "0",
                            "right": "0",
                            "bottom": "0",
                            "left": "40",
                            "isLinked": false
                        },
                        "margin_mobile": {
                            "unit": "px",
                            "top": "0",
                            "right": "0",
                            "bottom": "0",
                            "left": "0",
                            "isLinked": false
                        },
                        "padding": {
                            "unit": "px",
                            "top": "0",
                            "right": "0",
                            "bottom": "0",
                            "left": "0",
                            "isLinked": false
                        },
                        "pa_condition_repeater": [
                            {
                                "_id": "fdbfa8d"
                            }
                        ],
                        "_title": "Product Description",
                        "content_position": "top"
                    },
                    "elements": [
                        {
                            "id": "71dbc446",
                            "settings": {
                                "ha_advanced_tooltip_content": "I am a tooltip",
                                "pa_condition_repeater": [
                                    {
                                        "_id": "1a96627"
                                    }
                                ],
                                "__globals__": {
                                    "text_color": "globals\/colors?id=469cef0",
                                    "link_color": "globals\/colors?id=806cfe3",
                                    "text_typography_typography": "globals\/typography?id=3dcb384"
                                }
                            },
                            "elements": [],
                            "isInner": false,
                            "widgetType": "woocommerce-breadcrumb",
                            "elType": "widget"
                        },
                        {
                            "id": "48c55c33",
                            "settings": {
                                "__dynamic__": {
                                    "title": "[elementor-tag id=\"\" name=\"woocommerce-product-title-tag\" settings=\"%7B%22product_id%22%3Afalse%2C%22before%22%3A%22%22%2C%22after%22%3A%22%22%2C%22fallback%22%3A%22%22%7D\"]"
                                },
                                "title": "Add Your Heading Text Here",
                                "ha_advanced_tooltip_content": "I am a tooltip",
                                "pa_condition_repeater": [
                                    {
                                        "_id": "5afc40f"
                                    }
                                ],
                                "__globals__": {
                                    "title_color": "globals\/colors?id=701052c",
                                    "typography_typography": "globals\/typography?id=b30b070"
                                }
                            },
                            "elements": [],
                            "isInner": false,
                            "widgetType": "woocommerce-product-title",
                            "elType": "widget"
                        },
                        {
                            "id": "12718a58",
                            "settings": {
                                "text_align": "left",
                                "ha_advanced_tooltip_content": "I am a tooltip",
                                "pa_condition_repeater": [
                                    {
                                        "_id": "d72b24c"
                                    }
                                ],
                                "__globals__": {
                                    "price_color": "globals\/colors?id=806cfe3",
                                    "typography_typography": "globals\/typography?id=08e68d2",
                                    "sale_price_color": ""
                                },
                                "_margin": {
                                    "unit": "px",
                                    "top": "15",
                                    "right": "0",
                                    "bottom": "0",
                                    "left": "0",
                                    "isLinked": false
                                },
                                "_padding": {
                                    "unit": "px",
                                    "top": "0",
                                    "right": "0",
                                    "bottom": "0",
                                    "left": "0",
                                    "isLinked": false
                                }
                            },
                            "elements": [],
                            "isInner": false,
                            "widgetType": "woocommerce-product-price",
                            "elType": "widget"
                        },
                        {
                            "id": "2184d01a",
                            "settings": {
                                "ha_advanced_tooltip_content": "I am a tooltip",
                                "pa_condition_repeater": [
                                    {
                                        "_id": "4c71ccc"
                                    }
                                ]
                            },
                            "elements": [],
                            "isInner": false,
                            "widgetType": "woocommerce-product-short-description",
                            "elType": "widget"
                        },
                        {
                            "id": "124024ff",
                            "settings": {
                                "share_buttons": [
                                    {
                                        "_id": "e0d8289"
                                    },
                                    {
                                        "button": "twitter",
                                        "_id": "5f3e0b4"
                                    },
                                    {
                                        "button": "whatsapp",
                                        "_id": "2a0f8b2"
                                    }
                                ],
                                "icon_size": {
                                    "unit": "em",
                                    "size": 1.6,
                                    "sizes": []
                                },
                                "_margin": {
                                    "unit": "px",
                                    "top": "0",
                                    "right": "0",
                                    "bottom": "10",
                                    "left": "0",
                                    "isLinked": false
                                },
                                "_padding": {
                                    "unit": "px",
                                    "top": "0",
                                    "right": "0",
                                    "bottom": "0",
                                    "left": "0",
                                    "isLinked": false
                                },
                                "ha_advanced_tooltip_content": "I am a tooltip",
                                "pa_condition_repeater": [
                                    {
                                        "_id": "0cc616f"
                                    }
                                ]
                            },
                            "elements": [],
                            "isInner": false,
                            "widgetType": "share-buttons",
                            "elType": "widget"
                        },
                        {
                            "id": "484482d7",
                            "settings": {
                                "button_border_radius": {
                                    "unit": "px",
                                    "top": "50",
                                    "right": "50",
                                    "bottom": "50",
                                    "left": "50",
                                    "isLinked": true
                                },
                                "button_padding": {
                                    "unit": "px",
                                    "top": "15",
                                    "right": "40",
                                    "bottom": "14",
                                    "left": "40",
                                    "isLinked": false
                                },
                                "quantity_padding": {
                                    "unit": "px",
                                    "top": "15",
                                    "right": "0",
                                    "bottom": "15",
                                    "left": "10",
                                    "isLinked": false
                                },
                                "_margin": {
                                    "unit": "px",
                                    "top": "10",
                                    "right": "0",
                                    "bottom": "0",
                                    "left": "0",
                                    "isLinked": false
                                },
                                "_padding": {
                                    "unit": "px",
                                    "top": "0",
                                    "right": "0",
                                    "bottom": "0",
                                    "left": "0",
                                    "isLinked": false
                                },
                                "ha_advanced_tooltip_content": "I am a tooltip",
                                "pa_condition_repeater": [
                                    {
                                        "_id": "e2c4dfd"
                                    }
                                ],
                                "__globals__": {
                                    "quantity_bg_color": "globals\/colors?id=e21fdbe",
                                    "button_bg_color": "globals\/colors?id=806cfe3",
                                    "button_border_color": "globals\/colors?id=b9835d0",
                                    "button_text_color": "globals\/colors?id=e21fdbe",
                                    "button_bg_color_hover": "",
                                    "button_text_color_hover": "",
                                    "button_typography_typography": "",
                                    "quantity_border_color": "globals\/colors?id=01b1395",
                                    "quantity_typography_typography": "",
                                    "quantity_text_color": "globals\/colors?id=469cef0"
                                },
                                "quantity_border_border": "solid",
                                "quantity_border_width": {
                                    "unit": "px",
                                    "top": "1",
                                    "right": "1",
                                    "bottom": "1",
                                    "left": "1",
                                    "isLinked": true
                                }
                            },
                            "elements": [],
                            "isInner": false,
                            "widgetType": "woocommerce-product-add-to-cart",
                            "elType": "widget"
                        }
                    ],
                    "isInner": false,
                    "elType": "column"
                }
            ],
            "isInner": false,
            "elType": "section"
        },
        {
            "id": "601ca155",
            "settings": {
                "margin": {
                    "unit": "px",
                    "top": "0",
                    "right": 0,
                    "bottom": "0",
                    "left": 0,
                    "isLinked": false
                },
                "margin_tablet": {
                    "unit": "px",
                    "top": "50",
                    "right": 0,
                    "bottom": "0",
                    "left": 0,
                    "isLinked": false
                },
                "margin_mobile": {
                    "unit": "px",
                    "top": "50",
                    "right": 0,
                    "bottom": "0",
                    "left": 0,
                    "isLinked": false
                },
                "padding": {
                    "unit": "px",
                    "top": "0",
                    "right": "0",
                    "bottom": "0",
                    "left": "0",
                    "isLinked": false
                },
                "padding_tablet": {
                    "unit": "px",
                    "top": "0",
                    "right": "20",
                    "bottom": "0",
                    "left": "20",
                    "isLinked": false
                },
                "padding_mobile": {
                    "unit": "px",
                    "top": "0",
                    "right": "0",
                    "bottom": "0",
                    "left": "0",
                    "isLinked": false
                },
                "pa_condition_repeater": [
                    {
                        "_id": "16400b0"
                    }
                ],
                "_title": "Section 3"
            },
            "elements": [
                {
                    "id": "123dd505",
                    "settings": {
                        "_column_size": 100,
                        "_inline_size": null,
                        "margin": {
                            "unit": "px",
                            "top": "0",
                            "right": "0",
                            "bottom": "0",
                            "left": "0",
                            "isLinked": false
                        },
                        "padding": {
                            "unit": "px",
                            "top": "0",
                            "right": "0",
                            "bottom": "0",
                            "left": "0",
                            "isLinked": false
                        },
                        "pa_condition_repeater": [
                            {
                                "_id": "c98681d"
                            }
                        ],
                        "_title": "Description"
                    },
                    "elements": [
                        {
                            "id": "6438b22",
                            "settings": {
                                "ha_advanced_tooltip_content": "I am a tooltip",
                                "pa_condition_repeater": [
                                    {
                                        "_id": "4e5f9a6"
                                    }
                                ],
                                "__globals__": {
                                    "tab_typography_typography": "globals\/typography?id=eece785",
                                    "tab_bg_color": "globals\/colors?id=f83a9de",
                                    "tab_text_color": "globals\/colors?id=701052c",
                                    "active_tab_bg_color": "globals\/colors?id=d215dfe",
                                    "active_tab_text_color": "globals\/colors?id=701052c",
                                    "text_color": "globals\/colors?id=86eb8c0",
                                    "heading_color": "globals\/colors?id=701052c",
                                    "content_heading_typography_typography": "globals\/typography?id=c1c3f6d",
                                    "content_typography_typography": "globals\/typography?id=df85e82"
                                }
                            },
                            "elements": [],
                            "isInner": false,
                            "widgetType": "woocommerce-product-data-tabs",
                            "elType": "widget"
                        }
                    ],
                    "isInner": false,
                    "elType": "column"
                }
            ],
            "isInner": false,
            "elType": "section"
        },
        {
            "id": "644777e0",
            "settings": {
                "margin": {
                    "unit": "px",
                    "top": "0",
                    "right": 0,
                    "bottom": "60",
                    "left": 0,
                    "isLinked": false
                },
                "margin_mobile": {
                    "unit": "px",
                    "top": "0",
                    "right": 0,
                    "bottom": "0",
                    "left": 0,
                    "isLinked": false
                },
                "padding": {
                    "unit": "px",
                    "top": "30",
                    "right": "0",
                    "bottom": "0",
                    "left": "0",
                    "isLinked": false
                },
                "padding_tablet": {
                    "unit": "px",
                    "top": "0",
                    "right": "20",
                    "bottom": "0",
                    "left": "20",
                    "isLinked": false
                },
                "padding_mobile": {
                    "unit": "px",
                    "top": "0",
                    "right": "20",
                    "bottom": "0",
                    "left": "20",
                    "isLinked": false
                },
                "pa_condition_repeater": [
                    {
                        "_id": "79bddce"
                    }
                ],
                "_title": "Section 4"
            },
            "elements": [
                {
                    "id": "44d4b37",
                    "settings": {
                        "_column_size": 100,
                        "_inline_size": null,
                        "border_border": "solid",
                        "border_width": {
                            "unit": "px",
                            "top": "1",
                            "right": "0",
                            "bottom": "0",
                            "left": "0",
                            "isLinked": false
                        },
                        "margin": {
                            "unit": "px",
                            "top": "0",
                            "right": "0",
                            "bottom": "0",
                            "left": "0",
                            "isLinked": false
                        },
                        "padding": {
                            "unit": "px",
                            "top": "60",
                            "right": "0",
                            "bottom": "0",
                            "left": "0",
                            "isLinked": false
                        },
                        "pa_condition_repeater": [
                            {
                                "_id": "87f160b"
                            }
                        ],
                        "__globals__": {
                            "border_color": "globals\/colors?id=01b1395"
                        },
                        "_title": "Reviews"
                    },
                    "elements": [
                        {
                            "id": "397a0683",
                            "settings": {
                                "premium_dual_header_first_header_text": "We think you ",
                                "premium_dual_header_second_header_text": "might like",
                                "premium_dual_header_first_header_tag": "h4",
                                "premium_dual_header_text_align": "left",
                                "background_text": "Awesome Title",
                                "_margin": {
                                    "unit": "px",
                                    "top": "0",
                                    "right": "0",
                                    "bottom": "10",
                                    "left": "0",
                                    "isLinked": false
                                },
                                "_padding": {
                                    "unit": "px",
                                    "top": "0",
                                    "right": "0",
                                    "bottom": "0",
                                    "left": "0",
                                    "isLinked": false
                                },
                                "__globals__": {
                                    "first_header_typography_typography": "",
                                    "second_header_typography_typography": "",
                                    "premium_dual_header_second_color": "globals\/colors?id=806cfe3",
                                    "premium_dual_header_first_color": "globals\/colors?id=469cef0"
                                },
                                "ha_advanced_tooltip_content": "I am a tooltip",
                                "pa_condition_repeater": [
                                    {
                                        "_id": "956496f"
                                    }
                                ],
                                "_margin_mobile": {
                                    "unit": "px",
                                    "top": "0",
                                    "right": "0",
                                    "bottom": "20",
                                    "left": "0",
                                    "isLinked": false
                                }
                            },
                            "elements": [],
                            "isInner": false,
                            "widgetType": "premium-addon-dual-header",
                            "elType": "widget"
                        },
                        {
                            "id": "6c883fca",
                            "settings": {
                                "posts_per_page": "9",
                                "ha_advanced_tooltip_content": "I am a tooltip",
                                "pa_condition_repeater": [
                                    {
                                        "_id": "30efb3e"
                                    }
                                ],
                                "slider_pagination": "no",
                                "_margin": {
                                    "unit": "px",
                                    "top": "20",
                                    "right": "0",
                                    "bottom": "0",
                                    "left": "0",
                                    "isLinked": false
                                },
                                "_padding": {
                                    "unit": "px",
                                    "top": "0",
                                    "right": "0",
                                    "bottom": "0",
                                    "left": "0",
                                    "isLinked": false
                                },
                                "__globals__": {
                                    "button_background_color": "globals\/colors?id=b9835d0",
                                    "button_hover_background_color": "globals\/colors?id=b9835d0",
                                    "button_hover_color": "globals\/colors?id=806cfe3",
                                    "slider_navigation_arrows_color": "globals\/colors?id=469cef0",
                                    "slider_navigation_arrows_hover_color": "globals\/colors?id=806cfe3"
                                },
                                "slider_autoplay": "no"
                            },
                            "elements": [],
                            "isInner": false,
                            "widgetType": "qi_addons_for_elementor_product_slider",
                            "elType": "widget"
                        }
                    ],
                    "isInner": false,
                    "elType": "column"
                }
            ],
            "isInner": false,
            "elType": "section"
        }
    ],
    "page_settings": {
        "ha_grid_number": "",
        "ha_grid_zindex": "1000"
    }
}